id,hasTranslation,surah_ayah,surah_no,ayah_no,hasBroadCategories,hasScientificTopics,hasContextualReference,hasScientificConceptID,hasScientificTafsirTopics,hasScientificNodes,hasTafsirID,hasThemes,hasText
1,"Or ˹those caught in˺ a rainstorm from the sky with darkness, thunder, and lightning. They press their fingers into their ears at the sound of every thunder-clap for fear of death. And Allah encompasses the disbelievers ˹by His might˺.",2:19,2,19,"[""geological""]","[""hydrology_water_cycle"",""atmospheric_phenomena""]",,"[""HYDRO_METEO""]",[“Light Thunder Darkness”],"[""HYDRO_METEO_13"",""HYDRO_METEO_14"",""HYDRO_METEO_07"",""HYDRO_METEO_15""]",TAAK_1_2_19,"[""parable"",""historical_event""]",أَوْ كَصَيِّبٍۢ مِّنَ ٱلسَّمَآءِ فِيهِ ظُلُمَٰتٌۭ وَرَعْدٌۭ وَبَرْقٌۭ يَجْعَلُونَ أَصَٰبِعَهُمْ فِىٓ ءَاذَانِهِم مِّنَ ٱلصَّوَٰعِقِ حَذَرَ ٱلْمَوْتِ ۚ وَٱللَّهُ مُحِيطٌۢ بِٱلْكَٰفِرِينَ
2,"˹He is the One˺ Who has made the earth a place of settlement for you and the sky a canopy; and sends down rain from the sky, causing fruits to grow as a provision for you. So do not knowingly set up equals to Allah ˹in worship˺.",2:22,2,22,"[""geological""]","[""hydrology_water_cycle""]",,"[""HYDRO_METEO""]",[“Terrestrial & Hydrological Cycle”],"[""HYDRO_METEO_04"",""HYDRO_METEO_10""]",TAAK_1_2_22,"[""process""]",ٱلَّذِى جَعَلَ لَكُمُ ٱلْأَرْضَ فِرَٰشًۭا وَٱلسَّمَآءَ بِنَآءًۭ وَأَنزَلَ مِنَ ٱلسَّمَآءِ مَآءًۭ فَأَخْرَجَ بِهِۦ مِنَ ٱلثَّمَرَٰتِ رِزْقًۭا لَّكُمْ ۖ فَلَا تَجْعَلُوا۟ لِلَّهِ أَندَادًۭا وَأَنتُمْ تَعْلَمُونَ
3,"Surely Allah does not shy away from using the parable of a mosquito or what is even smaller. As for the believers, they know that it is the truth from their Lord. And as for the disbelievers, they argue, “What does Allah mean by such a parable?” Through this ˹test˺, He leaves many to stray, and guides many. And He leaves none to stray except the rebellious—",2:26,2,26,"[""biological""]","[""animal_behavior_ecosystems""]",,,"[“Micro-Complexity”, “biological structure of mosquito”]",,TAAK_1_2_26,"[""analogical"",""ethical_theological""]",۞ إِنَّ ٱللَّهَ لَا يَسْتَحْىِۦٓ أَن يَضْرِبَ مَثَلًۭا مَّا بَعُوضَةًۭ فَمَا فَوْقَهَا ۚ فَأَمَّا ٱلَّذِينَ ءَامَنُوا۟ فَيَعْلَمُونَ أَنَّهُ ٱلْحَقُّ مِن رَّبِّهِمْ ۖ وَأَمَّا ٱلَّذِينَ كَفَرُوا۟ فَيَقُولُونَ مَاذَآ أَرَادَ ٱللَّهُ بِهَٰذَا مَثَلًۭا ۘ يُضِلُّ بِهِۦ كَثِيرًۭا وَيَهْدِى بِهِۦ كَثِيرًۭا ۚ وَمَا يُضِلُّ بِهِۦٓ إِلَّا ٱلْفَٰسِقِينَ
4,"He is the One Who created everything in the earth for you. Then He turned towards the heaven, forming it into seven heavens. And He has ˹perfect˺ knowledge of all things.",2:29,2,29,"[""cosmological""]","[""heavens_chracteristics""]",,,[“Cosmogony”],,TAAK_1_2_29,"[""creation_story"",""process""]",هُوَ ٱلَّذِى خَلَقَ لَكُم مَّا فِى ٱلْأَرْضِ جَمِيعًۭا ثُمَّ ٱسْتَوَىٰٓ إِلَى ٱلسَّمَآءِ فَسَوَّىٰهُنَّ سَبْعَ سَمَٰوَٰتٍۢ ۚ وَهُوَ بِكُلِّ شَىْءٍ عَلِيمٌۭ
5,"And ˹remember when˺ We shaded you with clouds and sent down to you manna and quails, ˹saying˺, “Eat from the good things We have provided for you.” The evildoers ˹certainly˺ did not wrong Us, but wronged themselves.",2:57,2,57,"[""non_scientific""]","[""historical_event""]",,,[“biological benefits of Manna and Quails”],,TAAK_1_2_57,"[""historical_event"",""material_substance_reference""]",وَظَلَّلْنَا عَلَيْكُمُ ٱلْغَمَامَ وَأَنزَلْنَا عَلَيْكُمُ ٱلْمَنَّ وَٱلسَّلْوَىٰ ۖ كُلُوا۟ مِن طَيِّبَٰتِ مَا رَزَقْنَٰكُمْ ۖ وَمَا ظَلَمُونَا وَلَٰكِن كَانُوٓا۟ أَنفُسَهُمْ يَظْلِمُونَ
6,"Even then your hearts became hardened like a rock or even harder, for some rocks gush rivers; others split, spilling water; while others are humbled in awe of Allah. And Allah is never unaware of what you do.",2:74,2,74,"[""geological""]","[""landforms""]",,,"[""Water related stone characteristics""]",,TAAK_1_2_74,"[""analogical"",""ethical_theological"",""material_substance_reference""]",ثُمَّ قَسَتْ قُلُوبُكُم مِّنۢ بَعْدِ ذَٰلِكَ فَهِىَ كَٱلْحِجَارَةِ أَوْ أَشَدُّ قَسْوَةًۭ ۚ وَإِنَّ مِنَ ٱلْحِجَارَةِ لَمَا يَتَفَجَّرُ مِنْهُ ٱلْأَنْهَٰرُ ۚ وَإِنَّ مِنْهَا لَمَا يَشَّقَّقُ فَيَخْرُجُ مِنْهُ ٱلْمَآءُ ۚ وَإِنَّ مِنْهَا لَمَا يَهْبِطُ مِنْ خَشْيَةِ ٱللَّهِ ۗ وَمَا ٱللَّهُ بِغَٰفِلٍ عَمَّا تَعْمَلُونَ
7,"They ask you ˹O Prophet˺ about menstruation. Say, “Beware of its harm! So keep away, and do not have intercourse with your wives during their monthly cycles until they are purified. When they purify themselves, then you may approach them in the manner specified by Allah. Surely Allah loves those who always turn to Him in repentance and those who purify themselves.”",2:222,2,222,"[""biological""]","[""health""]",,,"[""Affirmation of Menstrual Harm""]",,TAAK_1_2_222,"[""prophetic_scientific""]",وَيَسْـَٔلُونَكَ عَنِ ٱلْمَحِيضِ ۖ قُلْ هُوَ أَذًۭى فَٱعْتَزِلُوا۟ ٱلنِّسَآءَ فِى ٱلْمَحِيضِ ۖ وَلَا تَقْرَبُوهُنَّ حَتَّىٰ يَطْهُرْنَ ۖ فَإِذَا تَطَهَّرْنَ فَأْتُوهُنَّ مِنْ حَيْثُ أَمَرَكُمُ ٱللَّهُ ۚ إِنَّ ٱللَّهَ يُحِبُّ ٱلتَّوَّٰبِينَ وَيُحِبُّ ٱلْمُتَطَهِّرِينَ
8,"And the example of those who donate their wealth, seeking Allah’s pleasure and believing the reward is certain, is that of a garden on a fertile hill: when heavy rain falls, it yields up twice its normal produce. If no heavy rain falls, a drizzle is sufficient. And Allah is All-Seeing of what you do.",2:265,2,265,"[""biological"",""geological""]","[""animal_behavior_ecosystems"",""landforms""]",,,,,TAAK_1_2_265,"[""phenomena"",""biological_diversity"",""analogical""]",وَمَثَلُ ٱلَّذِينَ يُنفِقُونَ أَمْوَٰلَهُمُ ٱبْتِغَآءَ مَرْضَاتِ ٱللَّهِ وَتَثْبِيتًۭا مِّنْ أَنفُسِهِمْ كَمَثَلِ جَنَّةٍۭ بِرَبْوَةٍ أَصَابَهَا وَابِلٌۭ فَـَٔاتَتْ أُكُلَهَا ضِعْفَيْنِ فَإِن لَّمْ يُصِبْهَا وَابِلٌۭ فَطَلٌّۭ ۗ وَٱللَّهُ بِمَا تَعْمَلُونَ بَصِيرٌ
9,"He is the One Who shapes you in the wombs of your mothers as He wills. There is no god ˹worthy of worship˺ except Him—the Almighty, All-Wise.",3:6,3,6,"[""biological""]","[""embryology_development""]",,"[""EMBRYO""]",,,TAAK_1_3_6,"[""process"",""prophetic_scientific""]",هُوَ ٱلَّذِى يُصَوِّرُكُمْ فِى ٱلْأَرْحَامِ كَيْفَ يَشَآءُ ۚ لَآ إِلَٰهَ إِلَّا هُوَ ٱلْعَزِيزُ ٱلْحَكِيمُ
10,"Indeed, the example of Jesus in the sight of Allah is like that of Adam. He created him from dust, then said to him, “Be!” And he was!",3:59,3,59,"[""biological""]","[""human_development""]",,,"[""Human Body Composition align with earth""]",,TAAK_1_3_59,"[""creation_story"",""analogical"",""historical_event""]",إِنَّ مَثَلَ عِيسَىٰ عِندَ ٱللَّهِ كَمَثَلِ ءَادَمَ ۖ خَلَقَهُۥ مِن تُرَابٍۢ ثُمَّ قَالَ لَهُۥ كُن فَيَكُونُ
11,"In it are clear signs and the standing-place of Abraham. Whoever enters it should be safe. Pilgrimage to this House is an obligation by Allah upon whoever is able among the people. And whoever disbelieves, then surely Allah is not in need of ˹any of His˺ creation.",3:97,3,97,"[""non_scientific""]","[""thinking_reflecting""]",,,"[""Sensory evidence of noble mosque""]",,TAAK_1_3_97,"[""signs_to_reflect_upon"",""historical_event"",""ethical_theological"",""knowledge_understanding""]",فِيهِ ءَايَٰتٌۢ بَيِّنَٰتٌۭ مَّقَامُ إِبْرَٰهِيمَ ۖ وَمَن دَخَلَهُۥ كَانَ ءَامِنًۭا ۗ وَلِلَّهِ عَلَى ٱلنَّاسِ حِجُّ ٱلْبَيْتِ مَنِ ٱسْتَطَاعَ إِلَيْهِ سَبِيلًۭا ۚ وَمَن كَفَرَ فَإِنَّ ٱللَّهَ غَنِىٌّ عَنِ ٱلْعَٰلَمِينَ
12,"O humanity! Be mindful of your Lord Who created you from a single soul, and from it He created its mate, and through both He spread countless men and women. And be mindful of Allah—in Whose Name you appeal to one another—and ˹honour˺ family ties. Surely Allah is ever Watchful over you.",4:1,4,1,"[""biological""]","[""human_development"",""reproduction_heredity"",""creation_in_pairs""]",,,"[""Creation from one soul""]",,TAAK_1_4_1,"[""creation_story""]",يَٰٓأَيُّهَا ٱلنَّاسُ ٱتَّقُوا۟ رَبَّكُمُ ٱلَّذِى خَلَقَكُم مِّن نَّفْسٍۢ وَٰحِدَةٍۢ وَخَلَقَ مِنْهَا زَوْجَهَا وَبَثَّ مِنْهُمَا رِجَالًۭا كَثِيرًۭا وَنِسَآءًۭ ۚ وَٱتَّقُوا۟ ٱللَّهَ ٱلَّذِى تَسَآءَلُونَ بِهِۦ وَٱلْأَرْحَامَ ۚ إِنَّ ٱللَّهَ كَانَ عَلَيْكُمْ رَقِيبًۭا
13,"Surely those who reject Our signs, We will cast them into the Fire. Whenever their skin is burnt completely, We will replace it so they will ˹constantly˺ taste the punishment. Indeed, Allah is Almighty, All-Wise.",4:56,4,56,"[""biological""]","[""physiology""]",,,"[""Skin role in pain"",""Skin role in protection""]",,TAAK_1_4_56,"[""phenomena"",""prophetic_scientific""]",إِنَّ ٱلَّذِينَ كَفَرُوا۟ بِـَٔايَٰتِنَا سَوْفَ نُصْلِيهِمْ نَارًۭا كُلَّمَا نَضِجَتْ جُلُودُهُم بَدَّلْنَٰهُمْ جُلُودًا غَيْرَهَا لِيَذُوقُوا۟ ٱلْعَذَابَ ۗ إِنَّ ٱللَّهَ كَانَ عَزِيزًا حَكِيمًۭا
14,"I will certainly mislead them and delude them with empty hopes. Also, I will order them and they will slit the ears of cattle and alter Allah’s creation.” And whoever takes Satan as a guardian instead of Allah has certainly suffered a tremendous loss.",4:119,4,119,"[""biological""]","[""health"",""reproduction_heredity""]",,,,,TAAK_1_4_119,"[""biological_diversity"",""prophetic_scientific"",""ethical_theological""]",وَلَأُضِلَّنَّهُمْ وَلَأُمَنِّيَنَّهُمْ وَلَءَامُرَنَّهُمْ فَلَيُبَتِّكُنَّ ءَاذَانَ ٱلْأَنْعَٰمِ وَلَءَامُرَنَّهُمْ فَلَيُغَيِّرُنَّ خَلْقَ ٱللَّهِ ۚ وَمَن يَتَّخِذِ ٱلشَّيْطَٰنَ وَلِيًّۭا مِّن دُونِ ٱللَّهِ فَقَدْ خَسِرَ خُسْرَانًۭا مُّبِينًۭا
15,"Indeed, those who say, “Allah is the Messiah, son of Mary,” have fallen into disbelief. Say, ˹O Prophet,˺ “Who has the power to prevent Allah if He chose to destroy the Messiah, son of Mary, his mother, and everyone in the world all together?” To Allah ˹alone˺ belongs the kingdom of the heavens and the earth and everything in between. He creates whatever He wills. And Allah is Most Capable of everything.",5:17,5,17,"[""geological"",""physical"",""cosmological""]","[""atmospheric_phenomena"",""time_related"",""space_earth_interaction""]",,,,,TAAK_1_5_17,"[""phenomena"",""prophetic_scientific"",""ethical_theological""]",لَّقَدْ كَفَرَ ٱلَّذِينَ قَالُوٓا۟ إِنَّ ٱللَّهَ هُوَ ٱلْمَسِيحُ ٱبْنُ مَرْيَمَ ۚ قُلْ فَمَن يَمْلِكُ مِنَ ٱللَّهِ شَيْـًٔا إِنْ أَرَادَ أَن يُهْلِكَ ٱلْمَسِيحَ ٱبْنَ مَرْيَمَ وَأُمَّهُۥ وَمَن فِى ٱلْأَرْضِ جَمِيعًۭا ۗ وَلِلَّهِ مُلْكُ ٱلسَّمَٰوَٰتِ وَٱلْأَرْضِ وَمَا بَيْنَهُمَا ۚ يَخْلُقُ مَا يَشَآءُ ۚ وَٱللَّهُ عَلَىٰ كُلِّ شَىْءٍۢ قَدِيرٌۭ
16,"Then Allah sent a crow digging ˹a grave˺ in the ground ˹for a dead crow˺, in order to show him how to bury the corpse of his brother. He cried, “Alas! Have I ˹even˺ failed to be like this crow and bury the corpse of my brother?” So he became regretful.",5:31,5,31,"[""biological""]","[""animal_behavior_ecosystems""]",,,,,TAAK_1_5_31,"[""prophetic_scientific"",""historical_event"",""knowledge_understanding""]",فَبَعَثَ ٱللَّهُ غُرَابًۭا يَبْحَثُ فِى ٱلْأَرْضِ لِيُرِيَهُۥ كَيْفَ يُوَٰرِى سَوْءَةَ أَخِيهِ ۚ قَالَ يَٰوَيْلَتَىٰٓ أَعَجَزْتُ أَنْ أَكُونَ مِثْلَ هَٰذَا ٱلْغُرَابِ فَأُوَٰرِىَ سَوْءَةَ أَخِى ۖ فَأَصْبَحَ مِنَ ٱلنَّٰدِمِينَ
17,All praise is for Allah Who created the heavens and the earth and made darkness and light. Yet the disbelievers set up equals to their Lord ˹in worship˺.,6:1,6,1,"[""physical"",""cosmological""]","[""light_and_darkness"",""cosmology_universe"",""big_bang"",""universe_expansion""]",,,,,TAAK_1_6_1,"[""creation_story"",""process"",""prophetic_scientific""]",ٱلْحَمْدُ لِلَّهِ ٱلَّذِى خَلَقَ ٱلسَّمَٰوَٰتِ وَٱلْأَرْضَ وَجَعَلَ ٱلظُّلُمَٰتِ وَٱلنُّورَ ۖ ثُمَّ ٱلَّذِينَ كَفَرُوا۟ بِرَبِّهِمْ يَعْدِلُونَ
18,All living beings roaming the earth and winged birds soaring in the sky are communities like yourselves. Then to their Lord they will be gathered all together.,6:38,6,38,"[""biological""]","[""animal_behavior_ecosystems"",""reproduction_heredity""]",,,"[""Creation of all forms from single father and mother""]",,TAAK_1_6_38,"[""signs_to_reflect_upon"",""phenomena"",""biological_diversity""]",وَمَا مِن دَآبَّةٍۢ فِى ٱلْأَرْضِ وَلَا طَٰٓئِرٍۢ يَطِيرُ بِجَنَاحَيْهِ إِلَّآ أُمَمٌ أَمْثَالُكُم ۚ مَّا فَرَّطْنَا فِى ٱلْكِتَٰبِ مِن شَىْءٍۢ ۚ ثُمَّ إِلَىٰ رَبِّهِمْ يُحْشَرُونَ
19,This is a blessed Book which We have revealed—confirming what came before it—so you may warn the Mother of Cities and everyone around it. Those who believe in the Hereafter ˹truly˺ believe in it and guard their prayers.,6:92,6,92,"[""geological"",""order_and_design""]","[""landforms"",""qadar""]",,,,,TAAK_1_6_92,"[""prophetic_scientific"",""ethical_theological""]",وَهَٰذَا كِتَٰبٌ أَنزَلْنَٰهُ مُبَارَكٌۭ مُّصَدِّقُ ٱلَّذِى بَيْنَ يَدَيْهِ وَلِتُنذِرَ أُمَّ ٱلْقُرَىٰ وَمَنْ حَوْلَهَا ۚ وَٱلَّذِينَ يُؤْمِنُونَ بِٱلْءَاخِرَةِ يُؤْمِنُونَ بِهِۦ ۖ وَهُمْ عَلَىٰ صَلَاتِهِمْ يُحَافِظُونَ
20,"Indeed, Allah is the One Who causes seeds and fruit stones to sprout. He brings forth the living from the dead and the dead from the living. That is Allah! How can you then be deluded ˹from the truth˺?",6:95,6,95,"[""biological""]","[""plant_life_agriculture""]",,,"[""Germination of Plants"",""Hubb and Nawa""]",,TAAK_1_6_95,"[""process"",""prophetic_scientific""]",۞ إِنَّ ٱللَّهَ فَالِقُ ٱلْحَبِّ وَٱلنَّوَىٰ ۖ يُخْرِجُ ٱلْحَىَّ مِنَ ٱلْمَيِّتِ وَمُخْرِجُ ٱلْمَيِّتِ مِنَ ٱلْحَىِّ ۚ ذَٰلِكُمُ ٱللَّهُ ۖ فَأَنَّىٰ تُؤْفَكُونَ
21,"He causes the dawn to break, and has made the night for rest and ˹made˺ the sun and the moon ˹to travel˺ with precision. That is the design of the Almighty, All-Knowing.",6:96,6,96,"[""physical"",""cosmological"",""order_and_design""]","[""time_related"",""astronomy_celestial"",""day_night_cycles"",""qadar""]",,,,,TAAK_1_6_96,"[""signs_to_reflect_upon"",""process"",""prophetic_scientific"",""knowledge_understanding"",""rotation_of_bodies""]",فَالِقُ ٱلْإِصْبَاحِ وَجَعَلَ ٱلَّيْلَ سَكَنًۭا وَٱلشَّمْسَ وَٱلْقَمَرَ حُسْبَانًۭا ۚ ذَٰلِكَ تَقْدِيرُ ٱلْعَزِيزِ ٱلْعَلِيمِ
22,"And He is the One Who sends down rain from the sky—causing all kinds of plants to grow—producing green stalks from which We bring forth clustered grain. And from palm trees come clusters of dates hanging within reach. ˹There are˺ also gardens of grapevines, olives, and pomegranates, similar ˹in shape˺ but dissimilar ˹in taste˺. Look at their fruit as it yields and ripens! Indeed, in these are signs for people who believe.",6:99,6,99,"[""biological"",""geological""]","[""plant_life_agriculture"",""hydrology_water_cycle"",""atmospheric_phenomena""]",,"[""HYDRO_METEO""]","[""date palms"",""grapes"",""pomegranates"",""olives""]","[""HYDRO_METEO_10""]",TAAK_1_6_99,"[""process"",""biological_diversity"",""prophetic_scientific""]",وَهُوَ ٱلَّذِىٓ أَنزَلَ مِنَ ٱلسَّمَآءِ مَآءًۭ فَأَخْرَجْنَا بِهِۦ نَبَاتَ كُلِّ شَىْءٍۢ فَأَخْرَجْنَا مِنْهُ خَضِرًۭا نُّخْرِجُ مِنْهُ حَبًّۭا مُّتَرَاكِبًۭا وَمِنَ ٱلنَّخْلِ مِن طَلْعِهَا قِنْوَانٌۭ دَانِيَةٌۭ وَجَنَّٰتٍۢ مِّنْ أَعْنَابٍۢ وَٱلزَّيْتُونَ وَٱلرُّمَّانَ مُشْتَبِهًۭا وَغَيْرَ مُتَشَٰبِهٍ ۗ ٱنظُرُوٓا۟ إِلَىٰ ثَمَرِهِۦٓ إِذَآ أَثْمَرَ وَيَنْعِهِۦٓ ۚ إِنَّ فِى ذَٰلِكُمْ لَءَايَٰتٍۢ لِّقَوْمٍۢ يُؤْمِنُونَ
23,"That is Allah—your Lord! There is no god ˹worthy of worship˺ except Him. ˹He is˺ the Creator of all things, so worship Him ˹alone˺. And He is the Maintainer of everything.",6:102,6,102,"[""order_and_design""]","[""pairing_zaug""]",,,"[""contrasting the Dual Nature of Creation with the Singular Nature of the Creator""]",,TAAK_1_6_102,"[""prophetic_scientific"",""ethical_theological""]",ذَٰلِكُمُ ٱللَّهُ رَبُّكُمْ ۖ لَآ إِلَٰهَ إِلَّا هُوَ ۖ خَٰلِقُ كُلِّ شَىْءٍۢ فَٱعْبُدُوهُ ۚ وَهُوَ عَلَىٰ كُلِّ شَىْءٍۢ وَكِيلٌۭ
24,"Whoever Allah wills to guide, He opens their heart to Islam. But whoever He wills to leave astray, He makes their chest tight and constricted as if they were climbing up into the sky. This is how Allah dooms those who disbelieve.",6:125,6,125,"[""biological"",""geological"",""cosmological""]","[""physiology"",""atmospheric_phenomena"",""space_earth_interaction""]",,,,,TAAK_1_6_125,"[""phenomena"",""process"",""prophetic_scientific"",""ethical_theological""]",فَمَن يُرِدِ ٱللَّهُ أَن يَهْدِيَهُۥ يَشْرَحْ صَدْرَهُۥ لِلْإِسْلَٰمِ ۖ وَمَن يُرِدْ أَن يُضِلَّهُۥ يَجْعَلْ صَدْرَهُۥ ضَيِّقًا حَرَجًۭا كَأَنَّمَا يَصَّعَّدُ فِى ٱلسَّمَآءِ ۚ كَذَٰلِكَ يَجْعَلُ ٱللَّهُ ٱلرِّجْسَ عَلَى ٱلَّذِينَ لَا يُؤْمِنُونَ
25,"Indeed your Lord is Allah Who created the heavens and the earth in six Days, then established Himself on the Throne. He makes the day and night overlap in rapid succession. He created the sun, the moon, and the stars—all subjected by His command. The creation and the command belong to Him ˹alone˺. Blessed is Allah—Lord of all worlds!",7:54,7,54,"[""physical"",""cosmological""]","[""time_related"",""astronomy_celestial"",""day_night_cycles""]",,,"[""Creation in six days"",""Roundness of Earth""]",,TAAK_1_7_54,"[""creation_story"",""prophetic_scientific""]",إِنَّ رَبَّكُمُ ٱللَّهُ ٱلَّذِى خَلَقَ ٱلسَّمَٰوَٰتِ وَٱلْأَرْضَ فِى سِتَّةِ أَيَّامٍۢ ثُمَّ ٱسْتَوَىٰ عَلَى ٱلْعَرْشِ يُغْشِى ٱلَّيْلَ ٱلنَّهَارَ يَطْلُبُهُۥ حَثِيثًۭا وَٱلشَّمْسَ وَٱلْقَمَرَ وَٱلنُّجُومَ مُسَخَّرَٰتٍۭ بِأَمْرِهِۦٓ ۗ أَلَا لَهُ ٱلْخَلْقُ وَٱلْأَمْرُ ۗ تَبَارَكَ ٱللَّهُ رَبُّ ٱلْعَٰلَمِينَ
26,"He is the One Who sends the winds ushering in His mercy. When they bear heavy clouds, We drive them to a lifeless land and then cause rain to fall, producing every type of fruit. Similarly, We will bring the dead to life, so perhaps you will be mindful.",7:57,7,57,"[""biological"",""geological""]","[""plant_life_agriculture"",""hydrology_water_cycle"",""winds_movement"",""environmental_renewal_erosion"",""atmospheric_phenomena""]",,,,,TAAK_1_7_57,"[""process"",""prophetic_scientific""]",وَهُوَ ٱلَّذِى يُرْسِلُ ٱلرِّيَٰحَ بُشْرًۢا بَيْنَ يَدَىْ رَحْمَتِهِۦ ۖ حَتَّىٰٓ إِذَآ أَقَلَّتْ سَحَابًۭا ثِقَالًۭا سُقْنَٰهُ لِبَلَدٍۢ مَّيِّتٍۢ فَأَنزَلْنَا بِهِ ٱلْمَآءَ فَأَخْرَجْنَا بِهِۦ مِن كُلِّ ٱلثَّمَرَٰتِ ۚ كَذَٰلِكَ نُخْرِجُ ٱلْمَوْتَىٰ لَعَلَّكُمْ تَذَكَّرُونَ
27,"So We plagued them with floods, locusts, lice, frogs, and blood—all as clear signs, but they persisted in arrogance and were a wicked people.",7:133,7,133,"[""non_scientific""]","[""historical_event""]",,,"[""Punishments on Pharaoh and his people""]",,TAAK_1_7_133,"[""phenomena"",""historical_event""]",فَأَرْسَلْنَا عَلَيْهِمُ ٱلطُّوفَانَ وَٱلْجَرَادَ وَٱلْقُمَّلَ وَٱلضَّفَادِعَ وَٱلدَّمَ ءَايَٰتٍۢ مُّفَصَّلَٰتٍۢ فَٱسْتَكْبَرُوا۟ وَكَانُوا۟ قَوْمًۭا مُّجْرِمِينَ
28,"If We had willed, We would have elevated him with Our signs, but he clung to this life—following his evil desires. His example is that of a dog: if you chase it away, it pants, and if you leave it, it ˹still˺ pants. This is the example of the people who deny Our signs. So narrate ˹to them˺ stories ˹of the past˺, so perhaps they will reflect.",7:176,7,176,"[""biological""]","[""animal_behavior_ecosystems"",""physiology""]",,,,,TAAK_1_7_176,"[""signs_to_reflect_upon"",""phenomena"",""prophetic_scientific"",""parable""]",وَلَوْ شِئْنَا لَرَفَعْنَٰهُ بِهَا وَلَٰكِنَّهُۥٓ أَخْلَدَ إِلَى ٱلْأَرْضِ وَٱتَّبَعَ هَوَىٰهُ ۚ فَمَثَلُهُۥ كَمَثَلِ ٱلْكَلْبِ إِن تَحْمِلْ عَلَيْهِ يَلْهَثْ أَوْ تَتْرُكْهُ يَلْهَث ۚ ذَّٰلِكَ مَثَلُ ٱلْقَوْمِ ٱلَّذِينَ كَذَّبُوا۟ بِـَٔايَٰتِنَا ۚ فَٱقْصُصِ ٱلْقَصَصَ لَعَلَّهُمْ يَتَفَكَّرُونَ
29,"Indeed, the number of months ordained by Allah is twelve—in Allah’s Record since the day He created the heavens and the earth—of which four are sacred. That is the Right Way. So do not wrong one another during these months. And together fight the polytheists as they fight against you together. And know that Allah is with those mindful ˹of Him˺.",9:36,9,36,"[""physical"",""cosmological"",""order_and_design""]","[""time_related"",""celestial_bodies_movement"",""mizan""]",,,,,TAAK_1_9_36,"[""creation_story"",""numeric_emphasis"",""rotation_of_bodies""]",إِنَّ عِدَّةَ ٱلشُّهُورِ عِندَ ٱللَّهِ ٱثْنَا عَشَرَ شَهْرًۭا فِى كِتَٰبِ ٱللَّهِ يَوْمَ خَلَقَ ٱلسَّمَٰوَٰتِ وَٱلْأَرْضَ مِنْهَآ أَرْبَعَةٌ حُرُمٌۭ ۚ ذَٰلِكَ ٱلدِّينُ ٱلْقَيِّمُ ۚ فَلَا تَظْلِمُوا۟ فِيهِنَّ أَنفُسَكُمْ ۚ وَقَٰتِلُوا۟ ٱلْمُشْرِكِينَ كَآفَّةًۭ كَمَا يُقَٰتِلُونَكُمْ كَآفَّةًۭ ۚ وَٱعْلَمُوٓا۟ أَنَّ ٱللَّهَ مَعَ ٱلْمُتَّقِينَ
30,"He is the One Who made the sun a radiant source and the moon a reflected light, with precisely ordained phases, so that you may know the number of years and calculation ˹of time˺. Allah did not create all this except for a purpose. He makes the signs clear for people of knowledge.",10:5,10,5,"[""physical"",""cosmological"",""order_and_design""]","[""time_related"",""light_and_darkness"",""astronomy_celestial"",""mizan""]",,,"[""Reflection from moon Real light from sun""]",,TAAK_1_10_5,"[""signs_to_reflect_upon"",""knowledge_understanding""]",هُوَ ٱلَّذِى جَعَلَ ٱلشَّمْسَ ضِيَآءًۭ وَٱلْقَمَرَ نُورًۭا وَقَدَّرَهُۥ مَنَازِلَ لِتَعْلَمُوا۟ عَدَدَ ٱلسِّنِينَ وَٱلْحِسَابَ ۚ مَا خَلَقَ ٱللَّهُ ذَٰلِكَ إِلَّا بِٱلْحَقِّ ۚ يُفَصِّلُ ٱلْءَايَٰتِ لِقَوْمٍۢ يَعْلَمُونَ
31,"And it was said, “O earth! Swallow up your water. And O  sky! Withhold ˹your rain˺.” The floodwater receded and the decree was carried out. The Ark rested on Mount Judi, and it was said, “Away with the wrongdoing people!”",11:44,11,44,"[""geological""]","[""hydrology_water_cycle"",""earthquakes_surface_change""]",,,"[""Volcanic Origin of Water & The Ark""]",,TAAK_1_11_44,"[""process"",""historical_event""]",وَقِيلَ يَٰٓأَرْضُ ٱبْلَعِى مَآءَكِ وَيَٰسَمَآءُ أَقْلِعِى وَغِيضَ ٱلْمَآءُ وَقُضِىَ ٱلْأَمْرُ وَٱسْتَوَتْ عَلَى ٱلْجُودِىِّ ۖ وَقِيلَ بُعْدًۭا لِّلْقَوْمِ ٱلظَّٰلِمِينَ
32,"˹Remember˺ when Joseph said to his father, “O my dear father! Indeed I dreamt of eleven stars, and the sun, and the moon—I saw them prostrating to me!”",12:4,12,4,"[""cosmological""]","[""astronomy_celestial""]",,,"[""Number of Planets in Solar System""]",,TAAK_1_12_4,"[""prophetic_scientific"",""numeric_emphasis""]",إِذْ قَالَ يُوسُفُ لِأَبِيهِ يَٰٓأَبَتِ إِنِّى رَأَيْتُ أَحَدَ عَشَرَ كَوْكَبًۭا وَٱلشَّمْسَ وَٱلْقَمَرَ رَأَيْتُهُمْ لِى سَٰجِدِينَ
33,"Joseph replied, “You will plant ˹grain˺ for seven consecutive years, leaving in the ear whatever you will harvest, except for the little you will eat.",12:47,12,47,"[""biological""]","[""plant_life_agriculture""]",,,"[""Grain Preservation Techniques""]",,TAAK_1_12_47,"[""process"",""prophetic_scientific""]",قَالَ تَزْرَعُونَ سَبْعَ سِنِينَ دَأَبًۭا فَمَا حَصَدتُّمْ فَذَرُوهُ فِى سُنۢبُلِهِۦٓ إِلَّا قَلِيلًۭا مِّمَّا تَأْكُلُونَ
34,"It is Allah Who has raised the heavens without pillars—as you can see—then established Himself on the Throne. He has subjected the sun and the moon, each orbiting for an appointed term. He conducts the whole affair. He makes the signs clear so that you may be certain of the meeting with your Lord.",13:2,13,2,"[""physical"",""cosmological""]","[""energy_radiation"",""astronomy_celestial"",""cosmology_universe""]",,,"[""Fundamental Forces of the Universe""]",,TAAK_1_13_2,"[""phenomena"",""metaphorical""]",ٱللَّهُ ٱلَّذِى رَفَعَ ٱلسَّمَٰوَٰتِ بِغَيْرِ عَمَدٍۢ تَرَوْنَهَا ۖ ثُمَّ ٱسْتَوَىٰ عَلَى ٱلْعَرْشِ ۖ وَسَخَّرَ ٱلشَّمْسَ وَٱلْقَمَرَ ۖ كُلٌّۭ يَجْرِى لِأَجَلٍۢ مُّسَمًّۭى ۚ يُدَبِّرُ ٱلْأَمْرَ يُفَصِّلُ ٱلْءَايَٰتِ لَعَلَّكُم بِلِقَآءِ رَبِّكُمْ تُوقِنُونَ
35,"And on the earth there are ˹different˺ neighbouring tracts, gardens of grapevines, ˹various˺ crops, palm trees—some stemming from the same root, others standing alone. They are all irrigated with the same water, yet We make some taste better than others. Surely in this are signs for those who understand.",13:4,13,4,"[""biological"",""geological""]","[""plant_life_agriculture"",""landforms"",""earth_layers""]",,,"[""Soil Diversity & Lithospheric Plates""]",,TAAK_1_13_4,"[""signs_to_reflect_upon"",""biological_diversity""]",وَفِى ٱلْأَرْضِ قِطَعٌۭ مُّتَجَٰوِرَٰتٌۭ وَجَنَّٰتٌۭ مِّنْ أَعْنَٰبٍۢ وَزَرْعٌۭ وَنَخِيلٌۭ صِنْوَانٌۭ وَغَيْرُ صِنْوَانٍۢ يُسْقَىٰ بِمَآءٍۢ وَٰحِدٍۢ وَنُفَضِّلُ بَعْضَهَا عَلَىٰ بَعْضٍۢ فِى ٱلْأُكُلِ ۚ إِنَّ فِى ذَٰلِكَ لَءَايَٰتٍۢ لِّقَوْمٍۢ يَعْقِلُونَ
36,Allah knows what every female bears and what increases and decreases in the wombs. And with Him everything is determined with precision.,13:8,13,8,"[""biological"",""order_and_design""]","[""embryology_development"",""physiology"",""reproduction_heredity"",""qadar""]",,"[""EMBRYO""]","[""Embryonic Development & Growth""]",,TAAK_1_13_8,"[""knowledge_understanding""]",ٱللَّهُ يَعْلَمُ مَا تَحْمِلُ كُلُّ أُنثَىٰ وَمَا تَغِيضُ ٱلْأَرْحَامُ وَمَا تَزْدَادُ ۖ وَكُلُّ شَىْءٍ عِندَهُۥ بِمِقْدَارٍ
37,"He sends down rain from the sky, causing the valleys to flow, each according to its capacity. The currents then carry along rising foam, similar to the slag produced from metal that people melt in the fire for ornaments or tools. This is how Allah compares truth to falsehood. The ˹worthless˺ residue is then cast away, but what benefits people remains on the earth. This is how Allah sets forth parables.",13:17,13,17,"[""geological"",""physical""]","[""minerals_metals"",""hydrology_water_cycle""]",,"[""HYDRO_METEO""]","[""Sedimentation & Water Flow"",""Metal smelting analogy""]","[""HYDRO_METEO_09""]",TAAK_1_13_17,"[""analogical"",""environmental_balance""]",أَنزَلَ مِنَ ٱلسَّمَآءِ مَآءًۭ فَسَالَتْ أَوْدِيَةٌۢ بِقَدَرِهَا فَٱحْتَمَلَ ٱلسَّيْلُ زَبَدًۭا رَّابِيًۭا ۚ وَمِمَّا يُوقِدُونَ عَلَيْهِ فِى ٱلنَّارِ ٱبْتِغَآءَ حِلْيَةٍ أَوْ مَتَٰعٍۢ زَبَدٌۭ مِّثْلُهُۥ ۚ كَذَٰلِكَ يَضْرِبُ ٱللَّهُ ٱلْحَقَّ وَٱلْبَٰطِلَ ۚ فَأَمَّا ٱلزَّبَدُ فَيَذْهَبُ جُفَآءًۭ ۖ وَأَمَّا مَا يَنفَعُ ٱلنَّاسَ فَيَمْكُثُ فِى ٱلْأَرْضِ ۚ كَذَٰلِكَ يَضْرِبُ ٱللَّهُ ٱلْأَمْثَالَ
38,Do they not see that We gradually reduce their land from its borders? Allah decides—none can reverse His decision. And He is swift in reckoning.,13:41,13,41,"[""geological""]","[""landforms"",""earthquakes_surface_change"",""environmental_renewal_erosion""]",,,"[""Erosion and Shaping of the Earth""]",,TAAK_1_13_41,"[""process""]",أَوَلَمْ يَرَوْا۟ أَنَّا نَأْتِى ٱلْأَرْضَ نَنقُصُهَا مِنْ أَطْرَافِهَا ۚ وَٱللَّهُ يَحْكُمُ لَا مُعَقِّبَ لِحُكْمِهِۦ ۚ وَهُوَ سَرِيعُ ٱلْحِسَابِ
39,"And even if We opened for them a gate to heaven, through which they continued to ascend,",15:14,15,14,"[""physical"",""cosmological""]","[""light_and_darkness"",""heavens_chracteristics""]","[""15""]",,"[""The Blackness of Space""]",,TAAK_1_15_14-15,"[""heavenly_ascent""]",وَلَوْ فَتَحْنَا عَلَيْهِم بَابًۭا مِّنَ ٱلسَّمَآءِ فَظَلُّوا۟ فِيهِ يَعْرُجُونَ
40,"We send fertilizing winds, and bring down rain from the sky for you to drink. It is not you who hold its reserves.",15:22,15,22,"[""biological"",""geological""]","[""plant_life_agriculture"",""hydrology_water_cycle"",""winds_movement"",""atmospheric_phenomena""]",,,"[""Winds as Pollinators (Clouds/Plants)""]",,TAAK_1_15_22,"[""process""]",وَأَرْسَلْنَا ٱلرِّيَٰحَ لَوَٰقِحَ فَأَنزَلْنَا مِنَ ٱلسَّمَآءِ مَآءًۭ فَأَسْقَيْنَٰكُمُوهُ وَمَآ أَنتُمْ لَهُۥ بِخَٰزِنِينَ
41,"He is the One Who sends down rain from the sky, from which you drink and by which plants grow for your cattle to graze.",16:10,16,10,"[""biological"",""geological""]","[""plant_life_agriculture"",""hydrology_water_cycle""]",,"[""HYDRO_METEO""]","[""Water Precipitation & Life Support""]","[""HYDRO_METEO_04. HYDRO_METEO_10""]",TAAK_1_16_10,"[""process""]",هُوَ ٱلَّذِىٓ أَنزَلَ مِنَ ٱلسَّمَآءِ مَآءًۭ ۖ لَّكُم مِّنْهُ شَرَابٌۭ وَمِنْهُ شَجَرٌۭ فِيهِ تُسِيمُونَ
42,And ˹He subjected˺ for you whatever He has created on earth of varying colours. Surely in this is a sign for those who are mindful.,16:13,16,13,"[""biological"",""geological""]","[""animal_behavior_ecosystems"",""minerals_metals""]",,,"[""Biodiversity & Distinction""]",,TAAK_1_16_13,"[""signs_to_reflect_upon"",""biological_diversity""]",وَمَا ذَرَأَ لَكُمْ فِى ٱلْأَرْضِ مُخْتَلِفًا أَلْوَٰنُهُۥٓ ۗ إِنَّ فِى ذَٰلِكَ لَءَايَةًۭ لِّقَوْمٍۢ يَذَّكَّرُونَ
43,"He has placed into the earth firm mountains, so it does not shake with you, as well as rivers, and pathways so you may find your way.",16:15,16,15,"[""geological""]","[""mountains_stability"",""mountains_formation"",""landforms"",""earth_layers""]",,,"[""Mountains as Stabilizers""]",,TAAK_1_16_15,"[""process"",""environmental_balance""]",وَأَلْقَىٰ فِى ٱلْأَرْضِ رَوَٰسِىَ أَن تَمِيدَ بِكُمْ وَأَنْهَٰرًۭا وَسُبُلًۭا لَّعَلَّكُمْ تَهْتَدُونَ
44,"Indeed, those before them had plotted, but Allah struck at the ˹very˺ foundation of their structure, so the roof collapsed on top of them, and the torment came upon them from where they did not expect.",16:26,16,26,"[""geological""]","[""earthquakes_surface_change""]",,,"[""Volcanic Eruptions & Seismic Activity""]",,TAAK_1_16_26,"[""ecological_disruption"",""phenomena"",""metaphorical""]",قَدْ مَكَرَ ٱلَّذِينَ مِن قَبْلِهِمْ فَأَتَى ٱللَّهُ بُنْيَٰنَهُم مِّنَ ٱلْقَوَاعِدِ فَخَرَّ عَلَيْهِمُ ٱلسَّقْفُ مِن فَوْقِهِمْ وَأَتَىٰهُمُ ٱلْعَذَابُ مِنْ حَيْثُ لَا يَشْعُرُونَ
45,"And there is certainly a lesson for you in cattle: We give you to drink of what is in their bellies, from between digested food and blood: pure milk, pleasant to drink.",16:66,16,66,"[""biological""]","[""physiology""]",,,"[""Mechanism of Milk Production""]",,TAAK_1_16_66,"[""signs_to_reflect_upon"",""process"",""ethical_theological""]",وَإِنَّ لَكُمْ فِى ٱلْأَنْعَٰمِ لَعِبْرَةًۭ ۖ نُّسْقِيكُم مِّمَّا فِى بُطُونِهِۦ مِنۢ بَيْنِ فَرْثٍۢ وَدَمٍۢ لَّبَنًا خَالِصًۭا سَآئِغًۭا لِّلشَّٰرِبِينَ
46,"And your Lord inspired the bees: “Make ˹your˺ homes in the mountains, the trees, and in what people construct,",16:68,16,68,"[""biological"",""order_and_design""]","[""animal_behavior_ecosystems"",""entomology"",""social_organization""]",,"[""BEE_BIO""]","[""Honeybee Community & Architecture"",""Architecture/Engineering""]","[""BEE_BIO_1"",""BEE_BIO_2"",""BEE_BIO_11""]",TAAK_1_16_68,"[""signs_to_reflect_upon"",""biological_diversity"",""prophetic_scientific""]",وَأَوْحَىٰ رَبُّكَ إِلَى ٱلنَّحْلِ أَنِ ٱتَّخِذِى مِنَ ٱلْجِبَالِ بُيُوتًۭا وَمِنَ ٱلشَّجَرِ وَمِمَّا يَعْرِشُونَ
47,"and feed from ˹the flower of˺ any fruit ˹you please˺ and follow the ways your Lord has made easy for you.” From their bellies comes forth liquid of varying colours, in which there is healing for people. Surely in this is a sign for those who reflect.",16:69,16,69,"[""biological""]","[""physiology"",""health"",""entomology""]",,"[""BEE_BIO"",""PROPOLIS"",""BEE_SENSE""]","[""Adaptation of the Bee"",""Honey"",""Wax"",""Venom"",""Propolis"",""Medicinal compounds"",""Chemistry""]","[""BEE_BIO_3"",""BEE_BIO_4"",""BEE_SENSE_01"",""BEE_BIO_5"",""BEE_BIO_6"",""BEE_BIO_8"",""PROPOLIS_01"",""BEE_BIO_9"",""BEE_BIO_10"",""PROPOLIS_04""]",TAAK_1_16_69,"[""signs_to_reflect_upon"",""process"",""biological_diversity""]",ثُمَّ كُلِى مِن كُلِّ ٱلثَّمَرَٰتِ فَٱسْلُكِى سُبُلَ رَبِّكِ ذُلُلًۭا ۚ يَخْرُجُ مِنۢ بُطُونِهَا شَرَابٌۭ مُّخْتَلِفٌ أَلْوَٰنُهُۥ فِيهِ شِفَآءٌۭ لِّلنَّاسِ ۗ إِنَّ فِى ذَٰلِكَ لَءَايَةًۭ لِّقَوْمٍۢ يَتَفَكَّرُونَ
48,"And Allah has provided you shade out of what He created, and has given you shelter in the mountains. He has also provided you with clothes protecting you from the heat ˹and cold˺, and armour shielding you in battle. This is how He perfects His favour upon you, so perhaps you will ˹fully˺ submit ˹to Him˺.",16:81,16,81,"[""biological"",""physical""]","[""physiology"",""energy_radiation""]",,,"[""Physics of Light and Heat""]",,TAAK_1_16_81,"[""phenomena"",""material_substance_reference""]",وَٱللَّهُ جَعَلَ لَكُم مِّمَّا خَلَقَ ظِلَٰلًۭا وَجَعَلَ لَكُم مِّنَ ٱلْجِبَالِ أَكْنَٰنًۭا وَجَعَلَ لَكُمْ سَرَٰبِيلَ تَقِيكُمُ ٱلْحَرَّ وَسَرَٰبِيلَ تَقِيكُم بَأْسَكُمْ ۚ كَذَٰلِكَ يُتِمُّ نِعْمَتَهُۥ عَلَيْكُمْ لَعَلَّكُمْ تُسْلِمُونَ
49,"He has only forbidden you ˹to eat˺ carrion, blood, swine, and what is slaughtered in the name of any other than Allah. But if someone is compelled by necessity—neither driven by desire nor exceeding immediate need—then surely Allah is All-Forgiving, Most Merciful.",16:115,16,115,"[""biological""]","[""health"",""pathology""]",,,"[""Health impact of forbidden foods""]",,TAAK_1_16_115,"[""ethical_theological""]",إِنَّمَا حَرَّمَ عَلَيْكُمُ ٱلْمَيْتَةَ وَٱلدَّمَ وَلَحْمَ ٱلْخِنزِيرِ وَمَآ أُهِلَّ لِغَيْرِ ٱللَّهِ بِهِۦ ۖ فَمَنِ ٱضْطُرَّ غَيْرَ بَاغٍۢ وَلَا عَادٍۢ فَإِنَّ ٱللَّهَ غَفُورٌۭ رَّحِيمٌۭ
50,"We made the day and night as two signs. So We made the sign of the night devoid of light, and We made the sign of the day ˹perfectly˺ bright, so that you may seek the bounty of your Lord and know the number of years and calculation ˹of time˺. And We have explained everything in detail.",17:12,17,12,"[""biological"",""cosmological""]","[""physiology"",""day_night_cycles""]",,,"[""Circadian Rhythms""]",,TAAK_1_17_12,"[""environmental_balance""]",وَجَعَلْنَا ٱلَّيْلَ وَٱلنَّهَارَ ءَايَتَيْنِ ۖ فَمَحَوْنَآ ءَايَةَ ٱلَّيْلِ وَجَعَلْنَآ ءَايَةَ ٱلنَّهَارِ مُبْصِرَةًۭ لِّتَبْتَغُوا۟ فَضْلًۭا مِّن رَّبِّكُمْ وَلِتَعْلَمُوا۟ عَدَدَ ٱلسِّنِينَ وَٱلْحِسَابَ ۚ وَكُلَّ شَىْءٍۢ فَصَّلْنَٰهُ تَفْصِيلًۭا
51,"The seven heavens, the earth, and all those in them glorify Him. There is not a single thing that does not glorify His praises—but you ˹simply˺ cannot comprehend their glorification. He is indeed Most Forbearing, All-Forgiving.",17:44,17,44,"[""biological""]","[""animal_behavior_ecosystems""]",,,"[""All creation glorifies Him""]",,TAAK_1_17_44,"[""signs_to_reflect_upon"",""ethical_theological"",""Glorification of creatures beyond comprehension""]",تُسَبِّحُ لَهُ ٱلسَّمَٰوَٰتُ ٱلسَّبْعُ وَٱلْأَرْضُ وَمَن فِيهِنَّ ۚ وَإِن مِّن شَىْءٍ إِلَّا يُسَبِّحُ بِحَمْدِهِۦ وَلَٰكِن لَّا تَفْقَهُونَ تَسْبِيحَهُمْ ۗ إِنَّهُۥ كَانَ حَلِيمًا غَفُورًۭا
52,"So We caused them to fall into a dead sleep in the cave for many years,",18:11,18,11,"[""biological""]","[""physiology""]",,,"[""Striking the Ear""]",,TAAK_2_18_11,"[""prophetic_scientific""]",فَضَرَبْنَا عَلَىٰٓ ءَاذَانِهِمْ فِى ٱلْكَهْفِ سِنِينَ عَدَدًۭا
53,"And you would have thought they were awake, though they were asleep. We turned them over, to the right and left, while their dog stretched his forelegs at the entrance. Had you looked at them, you would have certainly fled away from them, filled with horror.",18:18,18,18,"[""biological""]","[""physiology""]",,,"[""Physiology of Cave Sleepers""]",,TAAK_2_18_18,"[""prophetic_scientific"",""historical_event""]",وَتَحْسَبُهُمْ أَيْقَاظًۭا وَهُمْ رُقُودٌۭ ۚ وَنُقَلِّبُهُمْ ذَاتَ ٱلْيَمِينِ وَذَاتَ ٱلشِّمَالِ ۖ وَكَلْبُهُم بَٰسِطٌۭ ذِرَاعَيْهِ بِٱلْوَصِيدِ ۚ لَوِ ٱطَّلَعْتَ عَلَيْهِمْ لَوَلَّيْتَ مِنْهُمْ فِرَارًۭا وَلَمُلِئْتَ مِنْهُمْ رُعْبًۭا
54,To Him belongs whatever is in the heavens and whatever is on the earth and whatever is in between and whatever is underground.,20:6,20,6,"[""geological""]","[""minerals_metals"",""earth_layers""]",,,"[""Beneath the soil""]",,TAAK_2_20_6,"[""material_substance_reference""]",لَهُۥ مَا فِى ٱلسَّمَٰوَٰتِ وَمَا فِى ٱلْأَرْضِ وَمَا بَيْنَهُمَا وَمَا تَحْتَ ٱلثَّرَىٰ
55,"From the earth We created you, and into it We will return you, and from it We will bring you back again.",20:55,20,55,"[""biological""]","[""human_development"",""physiology""]",,,"[""Decomposition and the Tailbone"",""Coccyx persistence""]",,TAAK_2_20_55,"[""process"",""prophetic_scientific""]",۞ مِنْهَا خَلَقْنَٰكُمْ وَفِيهَا نُعِيدُكُمْ وَمِنْهَا نُخْرِجُكُمْ تَارَةً أُخْرَىٰ
56,Do the disbelievers not realize that the heavens and earth were ˹once˺ one mass then We split them apart? And We created from water every living thing. Will they not then believe?,21:30,21,30,"[""biological"",""cosmological""]","[""physiology"",""cosmology_universe"",""big_bang""]",,"[""BigBang_COSMOS_EXPANSION""]","[""Ratq and Fatq | Joined entity and seperation""]","[""BigBang_CosmosExpansion_01"",""BigBang_CosmosExpansion_03""]",TAAK_2_21_30,"[""creation_story"",""skeptical_questioning""]",أَوَلَمْ يَرَ ٱلَّذِينَ كَفَرُوٓا۟ أَنَّ ٱلسَّمَٰوَٰتِ وَٱلْأَرْضَ كَانَتَا رَتْقًۭا فَفَتَقْنَٰهُمَا ۖ وَجَعَلْنَا مِنَ ٱلْمَآءِ كُلَّ شَىْءٍ حَىٍّ ۖ أَفَلَا يُؤْمِنُونَ
57,"And He is the One Who created the day and the night, the sun and the moon—each travelling in an orbit.",21:33,21,33,"[""cosmological""]","[""astronomy_celestial"",""celestial_bodies_movement"",""day_night_cycles""]",,,"[""Swimming in Orbit""]",,TAAK_2_21_33,"[""rotation_of_bodies""]",وَهُوَ ٱلَّذِى خَلَقَ ٱلَّيْلَ وَٱلنَّهَارَ وَٱلشَّمْسَ وَٱلْقَمَرَ ۖ كُلٌّۭ فِى فَلَكٍۢ يَسْبَحُونَ
58,"On that Day We will roll up the heavens like a scroll of writings. Just as We produced the first creation, ˹so˺ shall We reproduce it. That is a promise binding on Us. We truly uphold ˹Our promises˺!",21:104,21,104,"[""cosmological""]","[""cosmology_universe""]",,,"[""The Big Crunch theory"",""Rolling up heavens"",""Reversal of expansion""]",,TAAK_1_21_104,"[""creation_story"",""process"",""prophetic_scientific""]",يَوْمَ نَطْوِى ٱلسَّمَآءَ كَطَىِّ ٱلسِّجِلِّ لِلْكُتُبِ ۚ كَمَا بَدَأْنَآ أَوَّلَ خَلْقٍۢ نُّعِيدُهُۥ ۚ وَعْدًا عَلَيْنَآ ۚ إِنَّا كُنَّا فَٰعِلِينَ
59,"O humanity! If you are in doubt about the Resurrection, then ˹know that˺ We did create you—in order to demonstrate ˹Our power˺ to you. ˹Then˺ We settle whatever ˹embryo˺ We will in the womb for an appointed term, then bring you forth as infants, so that you may reach your prime. Some of you ˹may˺ die ˹young˺, while others are left to reach the most feeble stage of life so that they may know nothing after having known much. And you see the earth lifeless, but as soon as We send down rain upon it, it begins to stir ˹to life˺ and swell, producing every type of pleasant plant.",22:5,22,5,"[""biological"",""geological""]","[""embryology_development"",""plant_life_agriculture"",""hydrology_water_cycle"",""environmental_renewal_erosion""]",,"[""EMBRYO""]","[""Rain reviving dead land""]","[""EMBRYO_01"",""EMBRYO_04"",""EMBRYO_05""]",TAAK_2_22_5,"[""creation_story"",""process"",""prophetic_scientific""]",يَٰٓأَيُّهَا ٱلنَّاسُ إِن كُنتُمْ فِى رَيْبٍۢ مِّنَ ٱلْبَعْثِ فَإِنَّا خَلَقْنَٰكُم مِّن تُرَابٍۢ ثُمَّ مِن نُّطْفَةٍۢ ثُمَّ مِنْ عَلَقَةٍۢ ثُمَّ مِن مُّضْغَةٍۢ مُّخَلَّقَةٍۢ وَغَيْرِ مُخَلَّقَةٍۢ لِّنُبَيِّنَ لَكُمْ ۚ وَنُقِرُّ فِى ٱلْأَرْحَامِ مَا نَشَآءُ إِلَىٰٓ أَجَلٍۢ مُّسَمًّۭى ثُمَّ نُخْرِجُكُمْ طِفْلًۭا ثُمَّ لِتَبْلُغُوٓا۟ أَشُدَّكُمْ ۖ وَمِنكُم مَّن يُتَوَفَّىٰ وَمِنكُم مَّن يُرَدُّ إِلَىٰٓ أَرْذَلِ ٱلْعُمُرِ لِكَيْلَا يَعْلَمَ مِنۢ بَعْدِ عِلْمٍۢ شَيْـًۭٔا ۚ وَتَرَى ٱلْأَرْضَ هَامِدَةًۭ فَإِذَآ أَنزَلْنَا عَلَيْهَا ٱلْمَآءَ ٱهْتَزَّتْ وَرَبَتْ وَأَنۢبَتَتْ مِن كُلِّ زَوْجٍۭ بَهِيجٍۢ
60,Do you not see that Allah has subjected to you whatever is in the earth as well as the ships ˹that˺ sail through the sea by His command? He keeps the sky from falling down on the earth except by His permission. Surely Allah is Ever Gracious and Most Merciful to humanity.,22:65,22,65,"[""physical"",""cosmological""]","[""cosmology_universe""]",,,"[""Forces preventing cosmic collision""]",,TAAK_2_22_65,"[""phenomena"",""prophetic_scientific""]",أَلَمْ تَرَ أَنَّ ٱللَّهَ سَخَّرَ لَكُم مَّا فِى ٱلْأَرْضِ وَٱلْفُلْكَ تَجْرِى فِى ٱلْبَحْرِ بِأَمْرِهِۦ وَيُمْسِكُ ٱلسَّمَآءَ أَن تَقَعَ عَلَى ٱلْأَرْضِ إِلَّا بِإِذْنِهِۦٓ ۗ إِنَّ ٱللَّهَ بِٱلنَّاسِ لَرَءُوفٌۭ رَّحِيمٌۭ
61,"O humanity! A lesson is set forth, so listen to it ˹carefully˺: those ˹idols˺ you invoke besides Allah can never create ˹so much as˺ a fly, even if they ˹all˺ were to come together for that. And if a fly were to snatch anything away from them, they cannot ˹even˺ retrieve it from the fly. How powerless are those who invoke and those invoked!",22:73,22,73,"[""biological""]","[""entomology""]",,,"[""Wonders of the Fly creation""]",,TAAK_2_22_73,"[""signs_to_reflect_upon"",""prophetic_scientific"",""Challenge"",""Questioning""]",يَٰٓأَيُّهَا ٱلنَّاسُ ضُرِبَ مَثَلٌۭ فَٱسْتَمِعُوا۟ لَهُۥٓ ۚ إِنَّ ٱلَّذِينَ تَدْعُونَ مِن دُونِ ٱللَّهِ لَن يَخْلُقُوا۟ ذُبَابًۭا وَلَوِ ٱجْتَمَعُوا۟ لَهُۥ ۖ وَإِن يَسْلُبْهُمُ ٱلذُّبَابُ شَيْـًۭٔا لَّا يَسْتَنقِذُوهُ مِنْهُ ۚ ضَعُفَ ٱلطَّالِبُ وَٱلْمَطْلُوبُ
62,"And indeed, We created humankind from an extract of clay,",23:12,23,12,"[""biological""]","[""embryology_development"",""human_development""]",,,,,TAAK_2_23_12,"[""creation_story"",""process""]",وَلَقَدْ خَلَقْنَا ٱلْإِنسَٰنَ مِن سُلَٰلَةٍۢ مِّن طِينٍۢ
63,"then placed each ˹human˺ as a sperm-drop in a secure place,",23:13,23,13,"[""biological""]","[""embryology_development"",""human_development""]",,,,,TAAK_2_23_13,"[""creation_story"",""process""]",ثُمَّ جَعَلْنَٰهُ نُطْفَةًۭ فِى قَرَارٍۢ مَّكِينٍۢ
64,"then We developed the drop into a clinging clot ˹of blood˺, then developed the clot into a lump ˹of flesh˺, then developed the lump into bones, then clothed the bones with flesh, then We brought it into being as a new creation. So Blessed is Allah, the Best of Creators.",23:14,23,14,"[""biological""]","[""embryology_development"",""human_development""]",,,,,TAAK_2_23_14,"[""creation_story"",""process""]",ثُمَّ خَلَقْنَا ٱلنُّطْفَةَ عَلَقَةًۭ فَخَلَقْنَا ٱلْعَلَقَةَ مُضْغَةًۭ فَخَلَقْنَا ٱلْمُضْغَةَ عِظَٰمًۭا فَكَسَوْنَا ٱلْعِظَٰمَ لَحْمًۭا ثُمَّ أَنشَأْنَٰهُ خَلْقًا ءَاخَرَ ۚ فَتَبَارَكَ ٱللَّهُ أَحْسَنُ ٱلْخَٰلِقِينَ
65,"We send down rain from the sky in perfect measure, causing it to soak into the earth. And We are surely able to take it away.",23:18,23,18,"[""geological"",""order_and_design""]","[""hydrology_water_cycle"",""qadar""]",,"[""HYDRO_METEO""]",,"[""HYDRO_METEO_09"",""HYDRO_METEO_11""]",TAAK_2_23_18,"[""process"",""environmental_balance""]",وَأَنزَلْنَا مِنَ ٱلسَّمَآءِ مَآءًۢ بِقَدَرٍۢ فَأَسْكَنَّٰهُ فِى ٱلْأَرْضِ ۖ وَإِنَّا عَلَىٰ ذَهَابٍۭ بِهِۦ لَقَٰدِرُونَ
66,"as well as ˹olive˺ trees which grow at Mount Sinai, providing oil and a condiment to eat.",23:20,23,20,"[""biological""]","[""plant_life_agriculture"",""health""]",,,"[""Benefits of the Olive Tree""]",,TAAK_2_23_20,"[""signs_to_reflect_upon"",""Benifits of something""]",وَشَجَرَةًۭ تَخْرُجُ مِن طُورِ سَيْنَآءَ تَنۢبُتُ بِٱلدُّهْنِ وَصِبْغٍۢ لِّلْءَاكِلِينَ
67,"Or ˹their deeds are˺ like the darkness in a deep sea, covered by waves upon waves, topped by ˹dark˺ clouds. Darkness upon darkness! If one stretches out their hand, they can hardly see it. And whoever Allah does not bless with light will have no light!",24:40,24,40,"[""geological"",""physical""]","[""atmospheric_phenomena"",""oceanography"",""light_and_darkness""]",,"[""HYDRO_METEO""]",,,TAAK_2_24_40,"[""phenomena"",""metaphorical""]",أَوْ كَظُلُمَٰتٍۢ فِى بَحْرٍۢ لُّجِّىٍّۢ يَغْشَىٰهُ مَوْجٌۭ مِّن فَوْقِهِۦ مَوْجٌۭ مِّن فَوْقِهِۦ سَحَابٌۭ ۚ ظُلُمَٰتٌۢ بَعْضُهَا فَوْقَ بَعْضٍ إِذَآ أَخْرَجَ يَدَهُۥ لَمْ يَكَدْ يَرَىٰهَا ۗ وَمَن لَّمْ يَجْعَلِ ٱللَّهُ لَهُۥ نُورًۭا فَمَا لَهُۥ مِن نُّورٍ
68,"Do you not see that Allah gently drives the clouds, then joins them together, piling them up into masses, from which you see raindrops come forth? And He sends down from the sky mountains ˹of clouds˺ loaded with hail, pouring it on whoever He wills and averting it from whoever He wills. The flash of the clouds’ lightning nearly takes away eyesight.",24:43,24,43,"[""geological""]","[""hydrology_water_cycle""]",,"[""HYDRO_METEO""]","[""Stages of cloud Formation"",""Cloud seeding and growth"",""Physics of storm clouds"",""Formation of Hail"",""Thunder and lighting""]","[""HYDRO_METEO_01"",""HYDRO_METEO_02"",""HYDRO_METEO_03"",""HYDRO_METEO_04"",""HYDRO_METEO_05"",""HYDRO_METEO_06"",""HYDRO_METEO_07""]",TAAK_2_24_43,"[""process""]",أَلَمْ تَرَ أَنَّ ٱللَّهَ يُزْجِى سَحَابًۭا ثُمَّ يُؤَلِّفُ بَيْنَهُۥ ثُمَّ يَجْعَلُهُۥ رُكَامًۭا فَتَرَى ٱلْوَدْقَ يَخْرُجُ مِنْ خِلَٰلِهِۦ وَيُنَزِّلُ مِنَ ٱلسَّمَآءِ مِن جِبَالٍۢ فِيهَا مِنۢ بَرَدٍۢ فَيُصِيبُ بِهِۦ مَن يَشَآءُ وَيَصْرِفُهُۥ عَن مَّن يَشَآءُ ۖ يَكَادُ سَنَا بَرْقِهِۦ يَذْهَبُ بِٱلْأَبْصَٰرِ
69,"And Allah has created from water every living creature. Some of them crawl on their bellies, some walk on two legs, and some walk on four. Allah creates whatever He wills. Surely Allah is Most Capable of everything.",24:45,24,45,"[""biological""]","[""animal_behavior_ecosystems"",""entomology"",""creation_from_water""]",,,"[""Classification of creatures by movement""]",,TAAK_2_24_45,"[""signs_to_reflect_upon"",""biological_diversity""]",وَٱللَّهُ خَلَقَ كُلَّ دَآبَّةٍۢ مِّن مَّآءٍۢ ۖ فَمِنْهُم مَّن يَمْشِى عَلَىٰ بَطْنِهِۦ وَمِنْهُم مَّن يَمْشِى عَلَىٰ رِجْلَيْنِ وَمِنْهُم مَّن يَمْشِى عَلَىٰٓ أَرْبَعٍۢ ۚ يَخْلُقُ ٱللَّهُ مَا يَشَآءُ ۚ إِنَّ ٱللَّهَ عَلَىٰ كُلِّ شَىْءٍۢ قَدِيرٌۭ
70,"Have you not seen how your Lord extends the shade—He could have simply made it ˹remain˺ still if He so willed—then We make the sun its guide,",25:45,25,45,"[""cosmological""]","[""celestial_bodies_movement"",""day_night_cycles""]","[""46""]",,"[""Rotation causing day and night""]",,TAAK_2_25_45-46,"[""phenomena"",""process"",""rotation_of_bodies""]",أَلَمْ تَرَ إِلَىٰ رَبِّكَ كَيْفَ مَدَّ ٱلظِّلَّ وَلَوْ شَآءَ لَجَعَلَهُۥ سَاكِنًۭا ثُمَّ جَعَلْنَا ٱلشَّمْسَ عَلَيْهِ دَلِيلًۭا
71,causing the shade to retreat gradually?,25:46,25,46,"[""cosmological""]","[""celestial_bodies_movement"",""day_night_cycles""]",,,"[""Rotation causing day and night""]",,TAAK_2_25_45-46,"[""phenomena"",""process""]",ثُمَّ قَبَضْنَٰهُ إِلَيْنَا قَبْضًۭا يَسِيرًۭا
72,"He is the One Who has made the night for you as a cover, and ˹made˺ sleep for resting, and the day for rising.",25:47,25,47,"[""geological""]","[""earth_layers"",""hydrology_water_cycle""]","[""48""]",,,,TAAK_2_25_47-48,"[""creation_story"",""process""]",وَهُوَ ٱلَّذِى جَعَلَ لَكُمُ ٱلَّيْلَ لِبَاسًۭا وَٱلنَّوْمَ سُبَاتًۭا وَجَعَلَ ٱلنَّهَارَ نُشُورًۭا
73,"And He is the One Who creates human beings from a ˹humble˺ liquid, then establishes for them bonds of kinship and marriage. For your Lord is Most Capable.",25:54,25,54,"[""biological""]","[""reproduction_heredity""]",,,"[""Genetic Transmission""]",,TAAK_2_25_54,"[""process""]",وَهُوَ ٱلَّذِى خَلَقَ مِنَ ٱلْمَآءِ بَشَرًۭا فَجَعَلَهُۥ نَسَبًۭا وَصِهْرًۭا ۗ وَكَانَ رَبُّكَ قَدِيرًۭا
74,"And He is the One Who merges the two bodies of water: one fresh and palatable and the other salty and bitter, placing between them a barrier they cannot cross.",25:53,25,53,"[""geological""]","[""oceanography""]",,"[""ESTUARY""]","[""Barrier between fresh and salty water""]","[""ESTUARY_09"",""ESTUARY_15"",""ESTUARY_02"",""ESTUARY_03"",""ESTUARY_01"",""ESTUARY_07""]",TAAK_2_25_53,"[""phenomena""]",۞ وَهُوَ ٱلَّذِى مَرَجَ ٱلْبَحْرَيْنِ هَٰذَا عَذْبٌۭ فُرَاتٌۭ وَهَٰذَا مِلْحٌ أُجَاجٌۭ وَجَعَلَ بَيْنَهُمَا بَرْزَخًۭا وَحِجْرًۭا مَّحْجُورًۭا
75,"And when they came across a valley of ants, an ant warned, “O ants! Go quickly into your homes so Solomon and his armies do not crush you, unknowingly.”",27:18,27,18,"[""biological""]","[""animal_behavior_ecosystems"",""entomology""]",,,"[""Ant Communication""]",,TAAK_2_27_18,"[""historical_event"",""Social Organization""]",حَتَّىٰٓ إِذَآ أَتَوْا۟ عَلَىٰ وَادِ ٱلنَّمْلِ قَالَتْ نَمْلَةٌۭ يَٰٓأَيُّهَا ٱلنَّمْلُ ٱدْخُلُوا۟ مَسَٰكِنَكُمْ لَا يَحْطِمَنَّكُمْ سُلَيْمَٰنُ وَجُنُودُهُۥ وَهُمْ لَا يَشْعُرُونَ
76,"Or ˹ask them,˺ “Who made the earth a place of settlement, caused rivers to flow through it, placed firm mountains upon it, and set a barrier between ˹fresh and salt˺ bodies of water? Was it another god besides Allah?” Absolutely not! But most of them do not know.",27:61,27,61,"[""geological""]","[""hydrology_water_cycle"",""oceanography""]",,"[""ESTUARY""]","[""Barrier between fresh and salty water""]","[""ESTUARY_14"",""ESTUARY_12"",""ESTUARY_13"",""ESTUARY_15"",""ESTUARY_10""]",TAAK_2_27_61,"[""phenomena""]",أَمَّن جَعَلَ ٱلْأَرْضَ قَرَارًۭا وَجَعَلَ خِلَٰلَهَآ أَنْهَٰرًۭا وَجَعَلَ لَهَا رَوَٰسِىَ وَجَعَلَ بَيْنَ ٱلْبَحْرَيْنِ حَاجِزًا ۗ أَءِلَٰهٌۭ مَّعَ ٱللَّهِ ۚ بَلْ أَكْثَرُهُمْ لَا يَعْلَمُونَ
77,"Or ˹ask them,˺ “Who originates the creation then resurrects it, and gives you provisions from the heavens and the earth? Is it another god besides Allah?” Say, ˹O Prophet,˺ “Show ˹me˺ your proof, if what you say is true.”",27:64,27,64,"[""biological""]","[""human_development""]",,,"[""Initiation and Repetition of Creation""]",,TAAK_2_27_64,"[""historical_event"",""ethical_theological""]",أَمَّن يَبْدَؤُا۟ ٱلْخَلْقَ ثُمَّ يُعِيدُهُۥ وَمَن يَرْزُقُكُم مِّنَ ٱلسَّمَآءِ وَٱلْأَرْضِ ۗ أَءِلَٰهٌۭ مَّعَ ٱللَّهِ ۚ قُلْ هَاتُوا۟ بُرْهَٰنَكُمْ إِن كُنتُمْ صَٰدِقِينَ
78,Do they not see that We made the night for them to rest in and the day bright? Surely in this are signs for those who believe.,27:86,27,86,"[""cosmological""]","[""day_night_cycles""]",,,"[""Light and darkness"",""Light as a transient state""]",,TAAK_2_27_86,"[""signs_to_reflect_upon"",""phenomena""]",أَلَمْ يَرَوْا۟ أَنَّا جَعَلْنَا ٱلَّيْلَ لِيَسْكُنُوا۟ فِيهِ وَٱلنَّهَارَ مُبْصِرًا ۚ إِنَّ فِى ذَٰلِكَ لَءَايَٰتٍۢ لِّقَوْمٍۢ يُؤْمِنُونَ
79,"The parable of those who take protectors other than Allah is that of a spider spinning a shelter. And the flimsiest of all shelters is certainly that of a spider, if only they knew.",29:41,29,41,"[""biological""]","[""animal_behavior_ecosystems"",""entomology""]",,,"[""Social flimsiness of the Spider""]",,TAAK_2_29_41,"[""prophetic_scientific"",""metaphorical""]",مَثَلُ ٱلَّذِينَ ٱتَّخَذُوا۟ مِن دُونِ ٱللَّهِ أَوْلِيَآءَ كَمَثَلِ ٱلْعَنكَبُوتِ ٱتَّخَذَتْ بَيْتًۭا ۖ وَإِنَّ أَوْهَنَ ٱلْبُيُوتِ لَبَيْتُ ٱلْعَنكَبُوتِ ۖ لَوْ كَانُوا۟ يَعْلَمُونَ
80,Alif-Lãm-Mĩm.,30:1,30,1,"[""geological""]","[""landforms"",""earth_layers""]","[""2"",""3"",""4""]",,"[""Topography of the Dead Sea Basin""]",,TAAK_2_30_1-4,"[""prophetic_scientific"",""historical_event""]",الٓمٓ
81,The Romans have been defeated,30:2,30,2,"[""geological""]","[""landforms"",""earth_layers""]",,,"[""Topography of the Dead Sea Basin""]",,TAAK_2_30_1-4,"[""prophetic_scientific"",""historical_event""]",غُلِبَتِ ٱلرُّومُ
82,"in a nearby land. Yet following their defeat, they will triumph",30:3,30,3,"[""geological""]","[""landforms"",""earth_layers""]",,,"[""Topography of the Dead Sea Basin""]",,TAAK_2_30_1-4,"[""prophetic_scientific"",""historical_event""]",فِىٓ أَدْنَى ٱلْأَرْضِ وَهُم مِّنۢ بَعْدِ غَلَبِهِمْ سَيَغْلِبُونَ
83,within three to nine years. The ˹whole˺ matter rests with Allah before and after ˹victory˺. And on that day the believers will rejoice,30:4,30,4,"[""geological""]","[""landforms"",""earth_layers""]",,,"[""Topography of the Dead Sea Basin""]",,TAAK_2_30_1-4,"[""prophetic_scientific"",""historical_event""]",فِى بِضْعِ سِنِينَ ۗ لِلَّهِ ٱلْأَمْرُ مِن قَبْلُ وَمِنۢ بَعْدُ ۚ وَيَوْمَئِذٍۢ يَفْرَحُ ٱلْمُؤْمِنُونَ
84,He brings forth the living from the dead and the dead from the living. And He gives life to the earth after its death. And so will you be brought forth ˹from the grave˺.,30:19,30,19,"[""biological""]","[""life_after_death""]",,,"[""Human body return to the materials it created from""]",,TAAK_2_30_19,"[""process""]",يُخْرِجُ ٱلْحَىَّ مِنَ ٱلْمَيِّتِ وَيُخْرِجُ ٱلْمَيِّتَ مِنَ ٱلْحَىِّ وَيُحْىِ ٱلْأَرْضَ بَعْدَ مَوْتِهَا ۚ وَكَذَٰلِكَ تُخْرَجُونَ
85,"One of His signs is that He created you from dust, then—behold!—you are human beings spreading over ˹the earth˺.",30:20,30,20,"[""biological""]","[""human_development""]",,,"[""Chemical Composition of man""]",,TAAK_2_30_20,"[""signs_to_reflect_upon"",""creation_story""]",وَمِنْ ءَايَٰتِهِۦٓ أَنْ خَلَقَكُم مِّن تُرَابٍۢ ثُمَّ إِذَآ أَنتُم بَشَرٌۭ تَنتَشِرُونَ
86,"Corruption has spread on land and sea as a result of what people’s hands have done, so that Allah may cause them to taste ˹the consequences of˺ some of their deeds and perhaps they might return ˹to the Right Path˺.",30:41,30,41,"[""biological"",""geological""]","[""epidemiology"",""pathology""]",,,"[""Environmental Erosion by people's hands""]",,TAAK_2_30_41,"[""prophetic_scientific"",""ethical_theological""]",ظَهَرَ ٱلْفَسَادُ فِى ٱلْبَرِّ وَٱلْبَحْرِ بِمَا كَسَبَتْ أَيْدِى ٱلنَّاسِ لِيُذِيقَهُم بَعْضَ ٱلَّذِى عَمِلُوا۟ لَعَلَّهُمْ يَرْجِعُونَ
87,"It is Allah Who sends the winds, which then stir up ˹vapour, forming˺ clouds, which He then spreads out in the sky or piles up into masses as He wills, from which you see rain come forth. Then as soon as He causes it to fall on whoever He wills of His servants, they rejoice,",30:48,30,48,"[""geological""]","[""hydrology_water_cycle"",""winds_movement""]",,,,,TAAK_2_30_48,"[""process""]",ٱللَّهُ ٱلَّذِى يُرْسِلُ ٱلرِّيَٰحَ فَتُثِيرُ سَحَابًۭا فَيَبْسُطُهُۥ فِى ٱلسَّمَآءِ كَيْفَ يَشَآءُ وَيَجْعَلُهُۥ كِسَفًۭا فَتَرَى ٱلْوَدْقَ يَخْرُجُ مِنْ خِلَٰلِهِۦ ۖ فَإِذَآ أَصَابَ بِهِۦ مَن يَشَآءُ مِنْ عِبَادِهِۦٓ إِذَا هُمْ يَسْتَبْشِرُونَ
88,"It is Allah Who created you in a state of weakness, then developed ˹your˺ weakness into strength, then developed ˹your˺ strength into weakness and old age. He creates whatever He wills. For He is the All-Knowing, Most Capable.",30:54,30,54,"[""biological""]","[""physiology""]",,,"[""Human aging Process""]",,TAAK_2_30_54,"[""process""]",۞ ٱللَّهُ ٱلَّذِى خَلَقَكُم مِّن ضَعْفٍۢ ثُمَّ جَعَلَ مِنۢ بَعْدِ ضَعْفٍۢ قُوَّةًۭ ثُمَّ جَعَلَ مِنۢ بَعْدِ قُوَّةٍۢ ضَعْفًۭا وَشَيْبَةًۭ ۚ يَخْلُقُ مَا يَشَآءُ ۖ وَهُوَ ٱلْعَلِيمُ ٱلْقَدِيرُ
89,"And We have commanded people to ˹honour˺ their parents. Their mothers bore them through hardship upon hardship, and their weaning takes two years. So be grateful to Me and your parents. To Me is the final return.",31:14,31,14,"[""biological""]","[""physiology"",""health""]",,,"[""Minimum duration pregnancy""]",,TAAK_2_31_14,"[""process"",""prophetic_scientific"",""ethical_theological""]",وَوَصَّيْنَا ٱلْإِنسَٰنَ بِوَٰلِدَيْهِ حَمَلَتْهُ أُمُّهُۥ وَهْنًا عَلَىٰ وَهْنٍۢ وَفِصَٰلُهُۥ فِى عَامَيْنِ أَنِ ٱشْكُرْ لِى وَلِوَٰلِدَيْكَ إِلَىَّ ٱلْمَصِيرُ
90,"Be moderate in your pace. And lower your voice, for the ugliest of all voices is certainly the braying of donkeys.”",31:19,31,19,"[""biological"",""physical""]","[""animal_behavior_ecosystems"",""physiology"",""health""]",,,"[""Acoustic harshness and health effects"",""Unpleasant sound of donkey"",""Sound Waves""]",,TAAK_2_31_19,"[""phenomena"",""ethical_theological""]",وَٱقْصِدْ فِى مَشْيِكَ وَٱغْضُضْ مِن صَوْتِكَ ۚ إِنَّ أَنكَرَ ٱلْأَصْوَٰتِ لَصَوْتُ ٱلْحَمِيرِ
91,"Then He made his descendants from an extract of a humble fluid,",32:8,32,8,"[""biological""]","[""embryology_development"",""reproduction_heredity""]",,"[""EMBRYO""]","[""Origin from \""despicable\"" fluid""]",,TAAK_3_32_8,"[""creation_story""]",ثُمَّ جَعَلَ نَسْلَهُۥ مِن سُلَٰلَةٍۢ مِّن مَّآءٍۢ مَّهِينٍۢ
92,"then He fashioned them and had a spirit of His Own ˹creation˺ breathed into them. And He gave you hearing, sight, and intellect. ˹Yet˺ you hardly give any thanks.",32:9,32,9,"[""biological""]","[""human_development"",""physiology""]",,,"[""Hearing before Sight"",""Perception and Sensory Awareness of Humans""]",,TAAK_3_32_9,"[""ethical_theological""]",ثُمَّ سَوَّىٰهُ وَنَفَخَ فِيهِ مِن رُّوحِهِۦ ۖ وَجَعَلَ لَكُمُ ٱلسَّمْعَ وَٱلْأَبْصَٰرَ وَٱلْأَفْـِٔدَةَ ۚ قَلِيلًۭا مَّا تَشْكُرُونَ
93,"Allah does not place two hearts in any person’s chest. Nor does He regard your wives as ˹unlawful for you like˺ your real mothers, ˹even˺ if you say they are. These are only your baseless assertions. But Allah declares the truth, and He ˹alone˺ guides to the ˹Right˺ Way.",33:4,33,4,"[""biological""]","[""human_development"",""physiology""]",,,"[""Anatomical Limitation""]",,TAAK_3_33_4,"[""ethical_theological""]",مَّا جَعَلَ ٱللَّهُ لِرَجُلٍۢ مِّن قَلْبَيْنِ فِى جَوْفِهِۦ ۚ وَمَا جَعَلَ أَزْوَٰجَكُمُ ٱلَّٰٓـِٔى تُظَٰهِرُونَ مِنْهُنَّ أُمَّهَٰتِكُمْ ۚ وَمَا جَعَلَ أَدْعِيَآءَكُمْ أَبْنَآءَكُمْ ۚ ذَٰلِكُمْ قَوْلُكُم بِأَفْوَٰهِكُمْ ۖ وَٱللَّهُ يَقُولُ ٱلْحَقَّ وَهُوَ يَهْدِى ٱلسَّبِيلَ
94,"When We decreed Solomon’s death, nothing indicated to the ˹subjected˺ jinn that he was dead except the termites eating away his staff. So when he collapsed, the jinn realized that if they had ˹really˺ known the unseen, they would not have remained in ˹such˺ humiliating servitude.",34:14,34,14,"[""biological""]","[""animal_behavior_ecosystems"",""entomology""]",,,"[""Termite eating the staff""]",,TAAK_3_34_14,"[""historical_event""]",فَلَمَّا قَضَيْنَا عَلَيْهِ ٱلْمَوْتَ مَا دَلَّهُمْ عَلَىٰ مَوْتِهِۦٓ إِلَّا دَآبَّةُ ٱلْأَرْضِ تَأْكُلُ مِنسَأَتَهُۥ ۖ فَلَمَّا خَرَّ تَبَيَّنَتِ ٱلْجِنُّ أَن لَّوْ كَانُوا۟ يَعْلَمُونَ ٱلْغَيْبَ مَا لَبِثُوا۟ فِى ٱلْعَذَابِ ٱلْمُهِينِ
95,"Do you not see that Allah sends down rain from the sky with which We bring forth fruits of different colours? And in the mountains are streaks of varying shades of white, red, and raven black;",35:27,35,27,"[""biological""]","[""plant_life_agriculture"",""physiology""]",,,,,TAAK_3_35_27,"[""biological_diversity"",""Invitation to observe""]",أَلَمْ تَرَ أَنَّ ٱللَّهَ أَنزَلَ مِنَ ٱلسَّمَآءِ مَآءًۭ فَأَخْرَجْنَا بِهِۦ ثَمَرَٰتٍۢ مُّخْتَلِفًا أَلْوَٰنُهَا ۚ وَمِنَ ٱلْجِبَالِ جُدَدٌۢ بِيضٌۭ وَحُمْرٌۭ مُّخْتَلِفٌ أَلْوَٰنُهَا وَغَرَابِيبُ سُودٌۭ
96,"As for the moon, We have ordained ˹precise˺ phases for it, until it ends up like an old, curved palm stalk.",36:39,36,39,"[""cosmological""]","[""astronomy_celestial"",""celestial_bodies_movement""]",,,"[""Moon as Old Date Stalk""]",,TAAK_3_36_39,"[""phenomena"",""process"",""analogical""]",وَٱلْقَمَرَ قَدَّرْنَٰهُ مَنَازِلَ حَتَّىٰ عَادَ كَٱلْعُرْجُونِ ٱلْقَدِيمِ
97,"˹He is the One˺ Who gives you fire from green trees, and—behold!—you kindle ˹fire˺ from them.",36:80,36,80,"[""biological"",""physical""]","[""plant_life_agriculture"",""energy_radiation""]",,,"[""Green Trees as Fuel"",""Energy Transformation""]",,TAAK_3_36_80,"[""process""]",ٱلَّذِى جَعَلَ لَكُم مِّنَ ٱلشَّجَرِ ٱلْأَخْضَرِ نَارًۭا فَإِذَآ أَنتُم مِّنْهُ تُوقِدُونَ
98,"So ask them ˹O Prophet˺, which is harder to create: them or other marvels of Our creation?",37:11,37,11,"[""biological""]","[""embryology_development""]",,,"[""Tin Lazib (Viscous Clay)""]",,TAAK_3_37_11,"[""material_substance_reference""]",فَٱسْتَفْتِهِمْ أَهُمْ أَشَدُّ خَلْقًا أَم مَّنْ خَلَقْنَآ ۚ إِنَّا خَلَقْنَٰهُم مِّن طِينٍۢ لَّازِبٍۭ
99,"But We cast him onto the open ˹shore˺, ˹totally˺ worn out,",37:145,37,145,"[""biological""]","[""plant_life_agriculture"",""health""]","[""146""]",,"[""The Pumpkin/Gourd (Yaqtin)""]",,TAAK_3_37_145-146,"[""historical_event""]",۞ فَنَبَذْنَٰهُ بِٱلْعَرَآءِ وَهُوَ سَقِيمٌۭ
100,and caused a squash plant to grow over him.,37:146,37,146,"[""biological""]","[""plant_life_agriculture"",""health""]",,,"[""The Pumpkin/Gourd (Yaqtin)""]",,TAAK_3_37_145-146,"[""historical_event""]",وَأَنۢبَتْنَا عَلَيْهِ شَجَرَةًۭ مِّن يَقْطِينٍۢ
101,"He created the heavens and the earth for a purpose. He wraps the night around the day, and wraps the day around the night. And He has subjected the sun and the moon, each orbiting for an appointed term. He is truly the Almighty, Most Forgiving.",39:5,39,5,"[""cosmological""]","[""astronomy_celestial"",""celestial_bodies_movement"",""day_night_cycles""]",,,"[""Yukawwiru (Coiling)""]",,TAAK_3_39_5,"[""phenomena"",""rotation_of_bodies""]",خَلَقَ ٱلسَّمَٰوَٰتِ وَٱلْأَرْضَ بِٱلْحَقِّ ۖ يُكَوِّرُ ٱلَّيْلَ عَلَى ٱلنَّهَارِ وَيُكَوِّرُ ٱلنَّهَارَ عَلَى ٱلَّيْلِ ۖ وَسَخَّرَ ٱلشَّمْسَ وَٱلْقَمَرَ ۖ كُلٌّۭ يَجْرِى لِأَجَلٍۢ مُّسَمًّى ۗ أَلَا هُوَ ٱلْعَزِيزُ ٱلْغَفَّٰرُ
102,"He created you ˹all˺ from a single soul, That is Allah—your Lord! All authority belongs to Him. There is no god ˹worthy of worship˺ except Him. How can you then be turned away?",39:6,39,6,"[""biological""]","[""embryology_development"",""physiology"",""reproduction_heredity""]",,"[""EMBRYO""]","[""Genetic Transmission"",""Transmission of Traits"",""Activation of Clay"",""Anatomical Layers""]","[""EMBRYO_08""]",TAAK_3_39_6,"[""process"",""prophetic_scientific"",""Design""]",خَلَقَكُم مِّن نَّفْسٍۢ وَٰحِدَةٍۢ ثُمَّ جَعَلَ مِنْهَا زَوْجَهَا وَأَنزَلَ لَكُم مِّنَ ٱلْأَنْعَٰمِ ثَمَٰنِيَةَ أَزْوَٰجٍۢ ۚ يَخْلُقُكُمْ فِى بُطُونِ أُمَّهَٰتِكُمْ خَلْقًۭا مِّنۢ بَعْدِ خَلْقٍۢ فِى ظُلُمَٰتٍۢ ثَلَٰثٍۢ ۚ ذَٰلِكُمُ ٱللَّهُ رَبُّكُمْ لَهُ ٱلْمُلْكُ ۖ لَآ إِلَٰهَ إِلَّا هُوَ ۖ فَأَنَّىٰ تُصْرَفُونَ
103,"Do you not see that Allah sends down rain from the sky—channelling it through streams in the earth—then produces with it crops of various colours, then they dry up and you see them wither, and then He reduces them to chaff? Surely in this is a reminder for people of reason.",39:21,39,21,"[""geological""]","[""earth_layers"",""hydrology_water_cycle""]",,,"[""Infiltration of Rain""]",,TAAK_3_39_21,"[""process""]",أَلَمْ تَرَ أَنَّ ٱللَّهَ أَنزَلَ مِنَ ٱلسَّمَآءِ مَآءًۭ فَسَلَكَهُۥ يَنَٰبِيعَ فِى ٱلْأَرْضِ ثُمَّ يُخْرِجُ بِهِۦ زَرْعًۭا مُّخْتَلِفًا أَلْوَٰنُهُۥ ثُمَّ يَهِيجُ فَتَرَىٰهُ مُصْفَرًّۭا ثُمَّ يَجْعَلُهُۥ حُطَٰمًا ۚ إِنَّ فِى ذَٰلِكَ لَذِكْرَىٰ لِأُو۟لِى ٱلْأَلْبَٰبِ
104,"Allah is the Creator of all things, and He is the Maintainer of everything.",39:62,39,62,"[""non_scientific""]","[""historical_event"",""thinking_reflecting""]",,,"[""Theological"",""Causality of Creation""]",,TAAK_3_39_62,"[""creation_story"",""historical_event"",""ethical_theological""]",ٱللَّهُ خَٰلِقُ كُلِّ شَىْءٍۢ ۖ وَهُوَ عَلَىٰ كُلِّ شَىْءٍۢ وَكِيلٌۭ
105,"It is Allah Who made the earth a place of settlement for you and the sky a canopy. He shaped you ˹in the womb˺, perfecting your form. And He has provided you with what is good and lawful. That is Allah—your Lord. So Blessed is Allah, Lord of all worlds.",40:64,40,64,"[""biological"",""geological""]","[""embryology_development"",""landforms""]",,,"[""Stability of Earth""]",,TAAK_3_40_64,"[""phenomena""]",ٱللَّهُ ٱلَّذِى جَعَلَ لَكُمُ ٱلْأَرْضَ قَرَارًۭا وَٱلسَّمَآءَ بِنَآءًۭ وَصَوَّرَكُمْ فَأَحْسَنَ صُوَرَكُمْ وَرَزَقَكُم مِّنَ ٱلطَّيِّبَٰتِ ۚ ذَٰلِكُمُ ٱللَّهُ رَبُّكُمْ ۖ فَتَبَارَكَ ٱللَّهُ رَبُّ ٱلْعَٰلَمِينَ
106,"He placed on the earth firm mountains, standing high, showered His blessings upon it, and ordained ˹all˺ its means of sustenance—totaling four Days exactly—for all who ask.",41:10,41,10,"[""geological""]","[""earth_layers""]",,,"[""Four Stages of Sustenance"",""Earth Characteristics""]",,TAAK_3_41_10,"[""creation_story"",""numeric_emphasis""]",وَجَعَلَ فِيهَا رَوَٰسِىَ مِن فَوْقِهَا وَبَٰرَكَ فِيهَا وَقَدَّرَ فِيهَآ أَقْوَٰتَهَا فِىٓ أَرْبَعَةِ أَيَّامٍۢ سَوَآءًۭ لِّلسَّآئِلِينَ
107,"Among His signs are the day and the night, the sun and the moon. Do not prostrate to the sun or the moon, but prostrate to Allah, Who created them ˹all˺, if you ˹truly˺ worship Him ˹alone˺.",41:37,41,37,"[""cosmological""]","[""astronomy_celestial"",""space_earth_interaction"",""celestial_bodies_movement"",""day_night_cycles""]",,,"[""Seasons and Time relation with sun and moon""]",,TAAK_3_41_37,"[""signs_to_reflect_upon"",""rotation_of_bodies""]",وَمِنْ ءَايَٰتِهِ ٱلَّيْلُ وَٱلنَّهَارُ وَٱلشَّمْسُ وَٱلْقَمَرُ ۚ لَا تَسْجُدُوا۟ لِلشَّمْسِ وَلَا لِلْقَمَرِ وَٱسْجُدُوا۟ لِلَّهِ ٱلَّذِى خَلَقَهُنَّ إِن كُنتُمْ إِيَّاهُ تَعْبُدُونَ
108,"To Allah ˹alone˺ belongs the kingdom of the heavens and the earth. He creates whatever He wills. He blesses whoever He wills with daughters, and blesses whoever He wills with sons,",42:49,42,49,"[""biological""]","[""reproduction_heredity""]","[""50""]",,"[""Male/Female Genitics""]",,TAAK_3_42_49-50,"[""process""]",لِّلَّهِ مُلْكُ ٱلسَّمَٰوَٰتِ وَٱلْأَرْضِ ۚ يَخْلُقُ مَا يَشَآءُ ۚ يَهَبُ لِمَن يَشَآءُ إِنَٰثًۭا وَيَهَبُ لِمَن يَشَآءُ ٱلذُّكُورَ
109,"or grants both, sons and daughters, ˹to whoever He wills˺, and leaves whoever He wills infertile. He is indeed All-Knowing, Most Capable.",42:50,42,50,"[""biological""]","[""reproduction_heredity""]",,,"[""Male/Female Genitics""]",,TAAK_3_42_49-50,"[""process""]",أَوْ يُزَوِّجُهُمْ ذُكْرَانًۭا وَإِنَٰثًۭا ۖ وَيَجْعَلُ مَن يَشَآءُ عَقِيمًا ۚ إِنَّهُۥ عَلِيمٌۭ قَدِيرٌۭ
110,These are Allah’s revelations which We recite to you ˹O Prophet˺ in truth. So what message will they believe in after ˹denying˺ Allah and His revelations?,45:6,45,6,"[""geological"",""order_and_design""]","[""winds_movement"",""atmospheric_phenomena""]",,,"[""Precision in Wind Patterns""]",,TAAK_3_45_6,"[""phenomena""]",تِلْكَ ءَايَٰتُ ٱللَّهِ نَتْلُوهَا عَلَيْكَ بِٱلْحَقِّ ۖ فَبِأَىِّ حَدِيثٍۭ بَعْدَ ٱللَّهِ وَءَايَٰتِهِۦ يُؤْمِنُونَ
111,"We have commanded people to honour their parents. Their mothers bore them in hardship and delivered them in hardship. Their ˹period of˺ bearing and weaning is thirty months. In time, when the child reaches their prime at the age of forty, they pray, “My Lord! Inspire me to ˹always˺ be thankful for Your favours which You blessed me and my parents with, and to do good deeds that please You. And instil righteousness in my offspring. I truly repent to You, and I truly submit ˹to Your Will˺.”",46:15,46,15,"[""biological""]","[""physiology"",""health""]",,,"[""Gestation and Weaning Math"",""Minimum duration pregnancy""]",,TAAK_3_46_15,"[""numeric_emphasis""]",وَوَصَّيْنَا ٱلْإِنسَٰنَ بِوَٰلِدَيْهِ إِحْسَٰنًا ۖ حَمَلَتْهُ أُمُّهُۥ كُرْهًۭا وَوَضَعَتْهُ كُرْهًۭا ۖ وَحَمْلُهُۥ وَفِصَٰلُهُۥ ثَلَٰثُونَ شَهْرًا ۚ حَتَّىٰٓ إِذَا بَلَغَ أَشُدَّهُۥ وَبَلَغَ أَرْبَعِينَ سَنَةًۭ قَالَ رَبِّ أَوْزِعْنِىٓ أَنْ أَشْكُرَ نِعْمَتَكَ ٱلَّتِىٓ أَنْعَمْتَ عَلَىَّ وَعَلَىٰ وَٰلِدَىَّ وَأَنْ أَعْمَلَ صَٰلِحًۭا تَرْضَىٰهُ وَأَصْلِحْ لِى فِى ذُرِّيَّتِىٓ ۖ إِنِّى تُبْتُ إِلَيْكَ وَإِنِّى مِنَ ٱلْمُسْلِمِينَ
112,"Muhammad is the Messenger of Allah. And those with him are firm with the disbelievers To those of them who believe and do good, Allah has promised forgiveness and a great reward.",48:29,48,29,"[""biological""]","[""plant_life_agriculture"",""reproduction_heredity""]",,,"[""Plant Suckers""]",,TAAK_3_48_29,"[""prophetic_scientific"",""parable""]",مُّحَمَّدٌۭ رَّسُولُ ٱللَّهِ ۚ وَٱلَّذِينَ مَعَهُۥٓ أَشِدَّآءُ عَلَى ٱلْكُفَّارِ رُحَمَآءُ بَيْنَهُمْ ۖ تَرَىٰهُمْ رُكَّعًۭا سُجَّدًۭا يَبْتَغُونَ فَضْلًۭا مِّنَ ٱللَّهِ وَرِضْوَٰنًۭا ۖ سِيمَاهُمْ فِى وُجُوهِهِم مِّنْ أَثَرِ ٱلسُّجُودِ ۚ ذَٰلِكَ مَثَلُهُمْ فِى ٱلتَّوْرَىٰةِ ۚ وَمَثَلُهُمْ فِى ٱلْإِنجِيلِ كَزَرْعٍ أَخْرَجَ شَطْـَٔهُۥ فَـَٔازَرَهُۥ فَٱسْتَغْلَظَ فَٱسْتَوَىٰ عَلَىٰ سُوقِهِۦ يُعْجِبُ ٱلزُّرَّاعَ لِيَغِيظَ بِهِمُ ٱلْكُفَّارَ ۗ وَعَدَ ٱللَّهُ ٱلَّذِينَ ءَامَنُوا۟ وَعَمِلُوا۟ ٱلصَّٰلِحَٰتِ مِنْهُم مَّغْفِرَةًۭ وَأَجْرًا عَظِيمًۢا
113,"We certainly know what the earth consumes of them ˹after their death˺, and with us is a well-preserved Record.",50:4,50,4,"[""biological""]","[""physiology""]",,,"[""Decomposition and the Tailbone"",""Coccyx persistence"",""Indestructible part of the body""]",,TAAK_3_50_4,"[""prophetic_scientific"",""Eschatology""]",قَدْ عَلِمْنَا مَا تَنقُصُ ٱلْأَرْضُ مِنْهُمْ ۖ وَعِندَنَا كِتَٰبٌ حَفِيظٌۢ
114,"Have they not then looked at the sky above them: how We built it and adorned it ˹with stars˺, leaving it flawless?",50:6,50,6,"[""cosmological""]","[""astronomy_celestial"",""heavens_chracteristics""]",,,,,TAAK_3_50_6,"[""invitation_to_observe"",""design""]",أَفَلَمْ يَنظُرُوٓا۟ إِلَى ٱلسَّمَآءِ فَوْقَهُمْ كَيْفَ بَنَيْنَٰهَا وَزَيَّنَّٰهَا وَمَا لَهَا مِن فُرُوجٍۢ
115,"and towering palm trees ˹loaded˺ with clustered fruit,",50:10,50,10,"[""biological""]","[""animal_behavior_ecosystems"",""plant_life_agriculture""]",,,"[""Biological marvel of the Palm""]",,TAAK_3_50_10,"[""design""]",وَٱلنَّخْلَ بَاسِقَٰتٍۢ لَّهَا طَلْعٌۭ نَّضِيدٌۭ
116,˹And˺ by the heavens in their marvellous design!,51:7,51,7,"[""cosmological""]","[""astronomy_celestial"",""heavens_chracteristics""]",,,"[""The Weaving of the Sky""]",,TAAK_3_51_7,"[""phenomena"",""design""]",وَٱلسَّمَآءِ ذَاتِ ٱلْحُبُكِ
117,In heaven is your sustenance and whatever you are promised.,51:22,51,22,"[""geological"",""cosmological""]","[""hydrology_water_cycle"",""space_earth_interaction""]",,,"[""Sources of sustenance from the sky""]",,TAAK_3_51_22,"[""phenomena""]",وَفِى ٱلسَّمَآءِ رِزْقُكُمْ وَمَا تُوعَدُونَ
118,"We built the universe with ˹great˺ might, and We are certainly expanding ˹it˺.",51:47,51,47,"[""cosmological""]","[""big_bang"",""universe_expansion""]",,"[""BigBang_COSMOS_EXPANSION""]",,"[""BigBang_CosmosExpansion_06""]",TAAK_3_51_47,"[""creation_story"",""prophetic_scientific""]",وَٱلسَّمَآءَ بَنَيْنَٰهَا بِأَيْي۟دٍۢ وَإِنَّا لَمُوسِعُونَ
119,"As for the earth, We spread it out. How superbly did We smooth it out!",51:48,51,48,"[""biological"",""geological""]","[""landforms""]",,,"[""Earth Smoothing""]",,TAAK_3_51_48,"[""creation_story"",""process""]",وَٱلْأَرْضَ فَرَشْنَٰهَا فَنِعْمَ ٱلْمَٰهِدُونَ
120,And We created pairs of all things so perhaps you would be mindful.,51:49,51,49,"[""order_and_design""]","[""pairing_zaug""]",,,"[""Creation in pairs"",""Pairs in living and non-living""]",,TAAK_3_51_49,"[""creation_story""]",وَمِن كُلِّ شَىْءٍ خَلَقْنَا زَوْجَيْنِ لَعَلَّكُمْ تَذَكَّرُونَ
121,And by the seas set on fire!,52:6,52,6,"[""geological""]","[""earthquakes_surface_change"",""oceanography""]",,,"[""Submarine Volcanism""]",,TAAK_3_52_6,"[""phenomena"",""prophetic_scientific""]",وَٱلْبَحْرِ ٱلْمَسْجُورِ
122,"those who avoid major sins and shameful deeds, despite ˹stumbling on˺ minor sins. Surely your Lord is infinite in forgiveness. He knew well what would become of you as He created you from the earth So do not ˹falsely˺ elevate yourselves. He knows best who is ˹truly˺ righteous.",53:32,53,32,"[""biological""]","[""human_development""]",,"[""EMBRYO""]","[""Origin of Mankind from earth""]",,TAAK__53_32,"[""creation_story"",""prophetic_scientific"",""ethical_theological""]",ٱلَّذِينَ يَجْتَنِبُونَ كَبَٰٓئِرَ ٱلْإِثْمِ وَٱلْفَوَٰحِشَ إِلَّا ٱللَّمَمَ ۚ إِنَّ رَبَّكَ وَٰسِعُ ٱلْمَغْفِرَةِ ۚ هُوَ أَعْلَمُ بِكُمْ إِذْ أَنشَأَكُم مِّنَ ٱلْأَرْضِ وَإِذْ أَنتُمْ أَجِنَّةٌۭ فِى بُطُونِ أُمَّهَٰتِكُمْ ۖ فَلَا تُزَكُّوٓا۟ أَنفُسَكُمْ ۖ هُوَ أَعْلَمُ بِمَنِ ٱتَّقَىٰٓ
123,And He created the pairs—males and females—,53:45,53,45,"[""biological""]","[""reproduction_heredity""]",,"[""EMBRYO""]",,"[""EMBRYO_10""]",TAAK_3_53_45,"[""prophetic_scientific""]",وَأَنَّهُۥ خَلَقَ ٱلزَّوْجَيْنِ ٱلذَّكَرَ وَٱلْأُنثَىٰ
124,from a sperm-drop when it is emitted.,53:46,53,46,"[""biological""]","[""reproduction_heredity""]",,"[""EMBRYO""]",,"[""EMBRYO_1"",""EMBRYO_9""]",TAAK_3_53_46,"[""prophetic_scientific""]",مِن نُّطْفَةٍ إِذَا تُمْنَىٰ
125,The Hour has drawn near and the moon was split ˹in two˺.,54:1,54,1,"[""cosmological""]","[""astronomy_celestial""]",,,"[""Lunar Riles"",""Splitting Moon"",""Lines on Moon as Evidence of Splitting""]",,TAAK_3_54_1,"[""historical_event"",""eschatology""]",ٱقْتَرَبَتِ ٱلسَّاعَةُ وَٱنشَقَّ ٱلْقَمَرُ
126,"With eyes downcast, they will come forth from the graves as if they were swarming locusts,",54:7,54,7,"[""biological""]","[""animal_behavior_ecosystems"",""entomology""]",,,"[""Waking from grave like Locusts""]",,TAAK_3_54_7,"[""metaphorical"",""eschatology""]",خُشَّعًا أَبْصَٰرُهُمْ يَخْرُجُونَ مِنَ ٱلْأَجْدَاثِ كَأَنَّهُمْ جَرَادٌۭ مُّنتَشِرٌۭ
127,"Indeed, We have created everything, perfectly preordained.",54:49,54,49,"[""order_and_design""]","[""qadar""]",,,"[""Qadar in micro-scales"",""Determination(Qadar) in everything""]",,TAAK_3_54_49,"[""creation_story"",""Divine Measure""]",إِنَّا كُلَّ شَىْءٍ خَلَقْنَٰهُ بِقَدَرٍۢ
128,"He merges the two bodies of ˹fresh and salt˺ water,",55:19,55,19,"[""geological""]","[""oceanography""]","[""20""]","[""ESTUARY""]","[""Barrier between fresh and salty water"",""Mediterranean"",""Red Sea""]","[""ESTUARY_09"",""ESTUARY_15"",""ESTUARY_11""]",TAAK_4_55_19-20,"[""phenomena"",""prophetic_scientific""]",مَرَجَ ٱلْبَحْرَيْنِ يَلْتَقِيَانِ
129,yet between them is a barrier they never cross.,55:20,55,20,"[""geological""]","[""oceanography""]",,"[""ESTUARY""]","[""Barrier between fresh and salty water"",""Mediterranean"",""Red Sea""]","[""ESTUARY_01"",""ESTUARY_06""]",TAAK_4_55_19-20,"[""phenomena"",""prophetic_scientific""]",بَيْنَهُمَا بَرْزَخٌۭ لَّا يَبْغِيَانِ
130,"O  assembly of jinn and humans! If you can penetrate beyond the realms of the heavens and the earth, then do so. ˹But˺ you cannot do that without ˹Our˺ authority.",55:33,55,33,"[""cosmological""]","[""space_earth_interaction""]",,,"[""Escaping Earth's Zones""]",,TAAK_4_55_33,"[""phenomena"",""challenge""]",يَٰمَعْشَرَ ٱلْجِنِّ وَٱلْإِنسِ إِنِ ٱسْتَطَعْتُمْ أَن تَنفُذُوا۟ مِنْ أَقْطَارِ ٱلسَّمَٰوَٰتِ وَٱلْأَرْضِ فَٱنفُذُوا۟ ۚ لَا تَنفُذُونَ إِلَّا بِسُلْطَٰنٍۢ
131,Have you considered what you ejaculate?,56:58,56,58,"[""biological""]","[""physiology""]",,,"[""Cell Division""]",,TAAK_4_56_58,"[""signs_to_reflect_upon"",""skeptical_questioning""]",أَفَرَءَيْتُم مَّا تُمْنُونَ
132,"We have ordained death for ˹all of˺ you, and We cannot be prevented",56:60,56,60,"[""biological""]","[""physiology"",""reproduction_heredity""]",,,"[""Telomeres and Cellular Death""]",,TAAK_4_56_60,"[""divine_measure""]",نَحْنُ قَدَّرْنَا بَيْنَكُمُ ٱلْمَوْتَ وَمَا نَحْنُ بِمَسْبُوقِينَ
133,Have you considered the water you drink?,56:68,56,68,"[""geological""]","[""hydrology_water_cycle"",""atmospheric_phenomena""]","[""69"",""70""]","[""HYDRO_METEO""]","[""Fresh/Sweet water as rain""]",,TAAK_4_56_68-70,"[""signs_to_reflect_upon"",""process"",""invitation_to_observe""]",أَفَرَءَيْتُمُ ٱلْمَآءَ ٱلَّذِى تَشْرَبُونَ
134,"Is it you who bring it down from the clouds, or is it We Who do so?",56:69,56,69,"[""geological""]","[""hydrology_water_cycle"",""atmospheric_phenomena""]",,"[""HYDRO_METEO""]","[""Fresh/Sweet water as rain""]",,TAAK_4_56_68-70,"[""signs_to_reflect_upon"",""process"",""invitation_to_observe""]",ءَأَنتُمْ أَنزَلْتُمُوهُ مِنَ ٱلْمُزْنِ أَمْ نَحْنُ ٱلْمُنزِلُونَ
135,"If We willed, We could make it salty. Will you not then give thanks?",56:70,56,70,"[""geological""]","[""hydrology_water_cycle"",""atmospheric_phenomena""]",,,"[""Fresh/Sweet water as rain""]",,TAAK_4_56_68-70,"[""signs_to_reflect_upon"",""process"",""invitation_to_observe""]",لَوْ نَشَآءُ جَعَلْنَٰهُ أُجَاجًۭا فَلَوْلَا تَشْكُرُونَ
136,Have you considered the fire you kindle?,56:71,56,71,"[""biological"",""physical""]","[""plant_life_agriculture"",""energy_radiation""]",,,"[""Plants as Fuel""]",,TAAK_4_56_71,"[""signs_to_reflect_upon"",""process"",""invitation_to_observe""]",أَفَرَءَيْتُمُ ٱلنَّارَ ٱلَّتِى تُورُونَ
137,So I do swear by the positions of the stars—,56:75,56,75,"[""cosmological""]","[""astronomy_celestial""]","[""76""]",,"[""Relative positions of stars"",""Vast differences between stars""]",,TAAK_4_56_75-76,"[""signs_to_reflect_upon"",""phenomena"",""Oath""]",۞ فَلَآ أُقْسِمُ بِمَوَٰقِعِ ٱلنُّجُومِ
138,"and this, if only you knew, is indeed a great oath—",56:76,56,76,"[""cosmological""]","[""astronomy_celestial""]",,,"[""Relative positions of stars"",""Vast differences between stars""]",,TAAK_4_56_75-76,"[""signs_to_reflect_upon"",""phenomena"",""Oath""]",وَإِنَّهُۥ لَقَسَمٌۭ لَّوْ تَعْلَمُونَ عَظِيمٌ
139,"Indeed, We sent Our messengers with clear proofs, and with them We sent down the Scripture and the balance ˹of justice˺ so that people may administer justice. And We sent down iron with its great might, benefits for humanity, and means for Allah to prove who ˹is willing to˺ stand up for Him and His messengers without seeing Him. Surely Allah is All-Powerful, Almighty.",57:25,57,25,"[""geological"",""cosmological""]","[""minerals_metals"",""space_earth_interaction""]",,,"[""Cosmic Origin of Iron""]",,TAAK_4_57_25,"[""prophetic_scientific"",""ethical_theological"",""material_substance_reference"",""benifits_of_something""]",لَقَدْ أَرْسَلْنَا رُسُلَنَا بِٱلْبَيِّنَٰتِ وَأَنزَلْنَا مَعَهُمُ ٱلْكِتَٰبَ وَٱلْمِيزَانَ لِيَقُومَ ٱلنَّاسُ بِٱلْقِسْطِ ۖ وَأَنزَلْنَا ٱلْحَدِيدَ فِيهِ بَأْسٌۭ شَدِيدٌۭ وَمَنَٰفِعُ لِلنَّاسِ وَلِيَعْلَمَ ٱللَّهُ مَن يَنصُرُهُۥ وَرُسُلَهُۥ بِٱلْغَيْبِ ۚ إِنَّ ٱللَّهَ قَوِىٌّ عَزِيزٌۭ
140,"Allah is the One Who created seven heavens ˹in layers˺, and likewise for the earth. The ˹divine˺ command descends between them so you may know that Allah is Most Capable of everything and that Allah certainly encompasses all things in ˹His˺ knowledge.",65:12,65,12,"[""geological""]","[""earth_layers""]",,,"[""Internal Structure of Earth""]",,TAAK_4_65_12,"[""numeric_emphasis"",""knowledge_understanding""]",ٱللَّهُ ٱلَّذِى خَلَقَ سَبْعَ سَمَٰوَٰتٍۢ وَمِنَ ٱلْأَرْضِ مِثْلَهُنَّ يَتَنَزَّلُ ٱلْأَمْرُ بَيْنَهُنَّ لِتَعْلَمُوٓا۟ أَنَّ ٱللَّهَ عَلَىٰ كُلِّ شَىْءٍۢ قَدِيرٌۭ وَأَنَّ ٱللَّهَ قَدْ أَحَاطَ بِكُلِّ شَىْءٍ عِلْمًۢا
141,"Have they not seen the birds above them, spreading and folding their wings? None holds them up except the Most Compassionate. Indeed, He is All-Seeing of everything.",67:19,67,19,"[""biological"",""physical""]","[""animal_behavior_ecosystems""]",,,"[""Flying Mechanics of Birds"",""Aerodynamics""]",,TAAK_4_67_19,"[""phenomena"",""skeptical_questioning"",""invitation_to_observe""]",أَوَلَمْ يَرَوْا۟ إِلَى ٱلطَّيْرِ فَوْقَهُمْ صَٰٓفَّٰتٍۢ وَيَقْبِضْنَ ۚ مَا يُمْسِكُهُنَّ إِلَّا ٱلرَّحْمَٰنُ ۚ إِنَّهُۥ بِكُلِّ شَىْءٍۭ بَصِيرٌ
142,"Indeed, when the floodwater had overflowed, We carried you in the floating Ark ˹with Noah˺,",69:11,69,11,"[""biological"",""geological""]","[""oceanography""]",,,"[""Mount Judi"",""Location of Noah's Ark"",""Human genetics"",""Second human wave""]",,TAAK_4_69_11,"[""historical_event""]",إِنَّا لَمَّا طَغَا ٱلْمَآءُ حَمَلْنَٰكُمْ فِى ٱلْجَارِيَةِ
143,"Now, I do swear by whatever you see,",69:38,69,38,"[""biological"",""physical""]","[""physiology""]","[""39""]",,"[""Visible and Invisible Realms"",""Empirical Observation"",""Microbiology""]",,TAAK_4_69_38-39,"[""signs_to_reflect_upon"",""prophetic_scientific"",""oath""]",فَلَآ أُقْسِمُ بِمَا تُبْصِرُونَ
144,and whatever you cannot see!,69:39,69,39,"[""biological"",""physical""]","[""physiology""]",,,,,TAAK_4_69_38-39,"[""signs_to_reflect_upon"",""prophetic_scientific"",""oath""]",وَمَا لَا تُبْصِرُونَ
145,"So, I do swear by the Lord of ˹all˺ the points of sunrise and sunset that We are truly capable",70:40,70,40,"[""geological"",""cosmological""]","[""astronomy_celestial"",""day_night_cycles""]",,,"[""Orbital Mechanics""]",,TAAK_4_70_40,"[""phenomena"",""rotation_of_bodies""]",فَلَآ أُقْسِمُ بِرَبِّ ٱلْمَشَٰرِقِ وَٱلْمَغَٰرِبِ إِنَّا لَقَٰدِرُونَ
146,"What is the matter with you that you are not in awe of the Majesty of Allah,",71:13,71,13,"[""biological"",""order_and_design""]","[""physiology""]","[""14""]",,"[""Cellular Complexity"",""Genetics""]",,TAAK_4_71_13-14,"[""ethical_theological"",""design""]",مَّا لَكُمْ لَا تَرْجُونَ لِلَّهِ وَقَارًۭا
147,when He truly created you in stages ˹of development˺?,71:14,71,14,"[""biological"",""order_and_design""]","[""physiology""]",,"[""EMBRYO""]","[""Cellular Complexity"",""Genetics""]",,TAAK_4_71_13-14,"[""ethical_theological"",""design""]",وَقَدْ خَلَقَكُمْ أَطْوَارًا
148,Yes ˹indeed˺! We are ˹most˺ capable of restoring ˹even˺ their very fingertips.,75:4,75,4,"[""biological""]","[""physiology""]",,,"[""Unique Design of Fingertips"",""Reconstruction of Fingertips""]",,TAAK_4_75_4,"[""prophetic_scientific""]",بَلَىٰ قَٰدِرِينَ عَلَىٰٓ أَن نُّسَوِّىَ بَنَانَهُۥ
149,Is there not a period of time when each human is nothing yet worth mentioning?,76:1,76,1,"[""physical"",""cosmological""]","[""time_related"",""cosmology_universe""]",,,"[""Time universe and earth before Humanity""]",,TAAK_4_76_1,"[""ethical_theological"",""skeptical_questioning""]",هَلْ أَتَىٰ عَلَى ٱلْإِنسَٰنِ حِينٌۭ مِّنَ ٱلدَّهْرِ لَمْ يَكُن شَيْـًۭٔا مَّذْكُورًا
150,"˹For˺ indeed, We ˹alone˺ created humans from a drop of mixed fluids, ˹in order˺ to test them, so We made them hear and see.",76:2,76,2,"[""biological""]","[""embryology_development"",""human_development"",""reproduction_heredity""]",,"[""EMBRYO""]","[""Gamete Combination""]","[""EMBRYO_01"",""EMBRYO_02""]",TAAK_4_76_2,"[""creation_story"",""prophetic_scientific""]",إِنَّا خَلَقْنَا ٱلْإِنسَٰنَ مِن نُّطْفَةٍ أَمْشَاجٍۢ نَّبْتَلِيهِ فَجَعَلْنَٰهُ سَمِيعًۢا بَصِيرًا
151,"Did We not create you from a humble fluid,",77:20,77,20,"[""biological"",""order_and_design""]","[""physiology"",""qadar""]","[""21"",""22"",""23""]","[""EMBRYO""]","[""Despised Fluid"",""Anatomy"",""Humble Origin""]","[""EMBRYO_1""]",TAAK_4_77_20-23,"[""prophetic_scientific"",""design"",""process""]",أَلَمْ نَخْلُقكُّم مِّن مَّآءٍۢ مَّهِينٍۢ
152,placing it in a secure place,77:21,77,21,"[""biological"",""order_and_design""]","[""physiology"",""qadar""]",,"[""EMBRYO""]","[""Despised Fluid"",""Anatomy"",""Humble Origin""]","[""EMBRYO_4"",""EMBRYO_8""]",TAAK_4_77_20-23,"[""prophetic_scientific"",""design"",""process""]",فَجَعَلْنَٰهُ فِى قَرَارٍۢ مَّكِينٍ
153,until an appointed time?,77:22,77,22,"[""biological"",""order_and_design""]","[""physiology"",""qadar""]",,,"[""Despised Fluid"",""Anatomy"",""Humble Origin""]",,TAAK_4_77_20-23,"[""prophetic_scientific"",""design"",""process""]",إِلَىٰ قَدَرٍۢ مَّعْلُومٍۢ
154,We ˹perfectly˺ ordained ˹its development˺. How excellent are We in doing so!,77:23,77,23,"[""biological"",""order_and_design""]","[""physiology"",""qadar""]",,,"[""Despised Fluid"",""Anatomy"",""Humble Origin""]",,TAAK_4_77_20-23,"[""prophetic_scientific"",""design"",""process""]",فَقَدَرْنَا فَنِعْمَ ٱلْقَٰدِرُونَ
155,"Have We not smoothed out the earth ˹like a bed˺,",78:6,78,6,"[""geological""]","[""mountains_stability"",""earth_layers""]",,,"[""Mountains as Stakes""]",,TAAK_4_78_6,"[""creation_story"",""metaphorical""]",أَلَمْ نَجْعَلِ ٱلْأَرْضَ مِهَٰدًۭا
156,"and ˹made˺ the mountains as ˹its˺ pegs,",78:7,78,7,"[""geological""]","[""mountains_stability"",""earth_layers""]",,,"[""Mountains as Stakes"",""Mountains as pegs""]",,TAAK_4_78_7,"[""creation_story"",""metaphorical""]",وَٱلْجِبَالَ أَوْتَادًۭا
157,"and sent down from rainclouds pouring water,",78:14,78,14,"[""geological""]","[""hydrology_water_cycle"",""atmospheric_phenomena""]",,"[""HYDRO_METEO""]","[""Pressing Clouds""]","[""HYDRO_METEO_12"",""HYDRO_METEO_21""]",TAAK_4_78_14,"[""phenomena"",""process""]",وَأَنزَلْنَا مِنَ ٱلْمُعْصِرَٰتِ مَآءًۭ ثَجَّاجًۭا
158,"As for the earth, He spread it out as well,",79:30,79,30,"[""geological""]","[""earthquakes_surface_change""]","[""31""]",,"[""Water from Earth's Interior"",""Volcanic Origin of water""]",,TAAK_4_79_30-31,"[""process"",""prophetic_scientific""]",وَٱلْأَرْضَ بَعْدَ ذَٰلِكَ دَحَىٰهَآ
159,bringing forth its water and pastures,79:31,79,31,"[""geological""]","[""earthquakes_surface_change""]",,,"[""Water from Earth's Interior"",""Volcanic Origin of water""]",,TAAK_4_79_30-31,"[""process"",""prophetic_scientific""]",أَخْرَجَ مِنْهَا مَآءَهَا وَمَرْعَىٰهَا
160,and setting the mountains firmly ˹upon it˺—,79:32,79,32,"[""geological""]","[""mountains_stability"",""mountains_formation""]","[""33""]",,"[""Scale of Creation"",""Creation of Man vs Mountains""]",,TAAK_4_79_32-33,"[""phenomena""]",وَٱلْجِبَالَ أَرْسَىٰهَا
161,all as ˹a means of˺ sustenance for you and your animals.,79:33,79,33,"[""geological""]","[""mountains_stability"",""mountains_formation""]",,,"[""Scale of Creation"",""Creation of Man vs Mountains""]",,TAAK_4_79_32-33,"[""phenomena""]",مَتَٰعًۭا لَّكُمْ وَلِأَنْعَٰمِكُمْ
162,Let people then consider their food:,80:24,80,24,"[""biological"",""geological""]","[""plant_life_agriculture"",""hydrology_water_cycle""]","[""25"",""26"",""27"",""28"",""29"",""30""]",,"[""Sustenance""]",,TAAK_4_80_24-30,"[""signs_to_reflect_upon"",""process"",""biological_diversity""]",فَلْيَنظُرِ ٱلْإِنسَٰنُ إِلَىٰ طَعَامِهِۦٓ
163,how We pour down rain in abundance,80:25,80,25,"[""biological"",""geological""]","[""plant_life_agriculture"",""hydrology_water_cycle""]",,,"[""Sustenance""]",,TAAK_4_80_24-30,"[""signs_to_reflect_upon"",""process"",""biological_diversity""]",أَنَّا صَبَبْنَا ٱلْمَآءَ صَبًّۭا
164,"and meticulously split the earth open ˹for sprouts˺,",80:26,80,26,"[""biological"",""geological""]","[""plant_life_agriculture"",""hydrology_water_cycle""]",,,"[""Sustenance""]",,TAAK_4_80_24-30,"[""signs_to_reflect_upon"",""process"",""biological_diversity""]",ثُمَّ شَقَقْنَا ٱلْأَرْضَ شَقًّۭا
165,"causing grain to grow in it,",80:27,80,27,"[""biological"",""geological""]","[""plant_life_agriculture"",""hydrology_water_cycle""]",,,"[""Sustenance""]",,TAAK_4_80_24-30,"[""signs_to_reflect_upon"",""process"",""biological_diversity""]",فَأَنۢبَتْنَا فِيهَا حَبًّۭا
166,"as well as grapes and greens,",80:28,80,28,"[""biological"",""geological""]","[""plant_life_agriculture"",""hydrology_water_cycle""]",,,"[""Sustenance""]",,TAAK_4_80_24-30,"[""signs_to_reflect_upon"",""process"",""biological_diversity""]",وَعِنَبًۭا وَقَضْبًۭا
167,"and olives and palm trees,",80:29,80,29,"[""biological"",""geological""]","[""plant_life_agriculture"",""hydrology_water_cycle""]",,,"[""Sustenance""]",,TAAK_4_80_24-30,"[""signs_to_reflect_upon"",""process"",""biological_diversity""]",وَزَيْتُونًۭا وَنَخْلًۭا
168,"and dense orchards,",80:30,80,30,"[""biological"",""geological""]","[""plant_life_agriculture"",""hydrology_water_cycle""]",,,"[""Sustenance""]",,TAAK_4_80_24-30,"[""signs_to_reflect_upon"",""process"",""biological_diversity""]",وَحَدَآئِقَ غُلْبًۭا
169,I do swear by the receding stars,81:15,81,15,"[""cosmological""]","[""astronomy_celestial"",""cosmology_universe""]","[""16""]",,"[""The Sweepers"",""Black Holes""]",,TAAK_4_81_15-16,"[""phenomena"",""prophetic_scientific"",""oath"",""Scientific Theory""]",فَلَآ أُقْسِمُ بِٱلْخُنَّسِ
170,"which travel and hide,",81:16,81,16,"[""cosmological""]","[""astronomy_celestial"",""cosmology_universe""]",,,"[""The Sweepers"",""Black Holes""]",,TAAK_4_81_15-16,"[""phenomena"",""prophetic_scientific"",""oath""]",ٱلْجَوَارِ ٱلْكُنَّسِ
171,"O humanity! What has emboldened you against your Lord, the Most Generous,",82:6,82,6,"[""biological""]","[""embryology_development"",""human_development""]","[""7""]",,"[""Creation Fashioning Balancing""]",,TAAK_4_82_6-7,"[""creation_story"",""process"",""design""]",يَٰٓأَيُّهَا ٱلْإِنسَٰنُ مَا غَرَّكَ بِرَبِّكَ ٱلْكَرِيمِ
172,"Who created you, fashioned you, and perfected your design,",82:7,82,7,"[""biological""]","[""embryology_development"",""human_development""]",,"[""EMBRYO""]","[""Creation Fashioning Balancing""]",,TAAK_4_82_6-7,"[""creation_story"",""process"",""design""]",ٱلَّذِى خَلَقَكَ فَسَوَّىٰكَ فَعَدَلَكَ
173,"By the sky full of constellations,",85:1,85,1,"[""cosmological""]","[""astronomy_celestial""]",,,"[""Great Stars/Towers"",""Clusters of Stars"",""Constellations"",""Zodiacal Constellations""]",,TAAK_4_85_1,"[""signs_to_reflect_upon"",""phenomena"",""oath""]",وَٱلسَّمَآءِ ذَاتِ ٱلْبُرُوجِ
174,By the heaven and the nightly star!,86:1,86,1,"[""physical"",""cosmological""]","[""astronomy_celestial""]","[""2"",""3""]",,"[""Sound waves"",""The night comer"",""The Piercing Star"",""Neutron Star"",""Pulsar""]",,TAAK_4_86_1-3,"[""phenomena"",""prophetic_scientific"",""oath"",""scientific_theory""]",وَٱلسَّمَآءِ وَٱلطَّارِقِ
175,And what will make you realize what the nightly star is?,86:2,86,2,"[""physical"",""cosmological""]","[""astronomy_celestial""]",,,"[""Sound waves"",""The night comer"",""The Piercing Star"",""Neutron Star"",""Pulsar""]",,TAAK_4_86_1-3,"[""phenomena"",""prophetic_scientific"",""oath"",""scientific_theory""]",وَمَآ أَدْرَىٰكَ مَا ٱلطَّارِقُ
176,˹It is˺ the star of piercing brightness.,86:3,86,3,"[""cosmological""]","[""astronomy_celestial""]",,,"[""Sound waves"",""The night comer"",""The Piercing Star"",""Neutron Star"",""Pulsar""]",,TAAK_4_86_1-3,"[""phenomena"",""prophetic_scientific"",""oath"",""scientific_theory""]",ٱلنَّجْمُ ٱلثَّاقِبُ
177,Let people then consider what they were created from!,86:5,86,5,"[""biological""]","[""embryology_development"",""physiology""]","[""6"",""7""]","[""EMBRYO""]","[""Origin of gonads between Backbone and Ribs""]",,TAAK_4_86_5-7,"[""signs_to_reflect_upon"",""creation_story"",""prophetic_scientific"",""Scientific Fact""]",فَلْيَنظُرِ ٱلْإِنسَٰنُ مِمَّ خُلِقَ
178,"˹They were˺ created from a spurting fluid,",86:6,86,6,"[""biological""]","[""embryology_development"",""physiology""]",,"[""EMBRYO""]","[""Origin of gonads between Backbone and Ribs""]",,TAAK_4_86_5-7,"[""signs_to_reflect_upon"",""creation_story"",""prophetic_scientific"",""Scientific Fact""]",خُلِقَ مِن مَّآءٍۢ دَافِقٍۢ
179,stemming from between the backbone and the ribcage.,86:7,86,7,"[""biological""]","[""embryology_development"",""physiology""]",,"[""EMBRYO""]","[""Origin of gonads between Backbone and Ribs""]",,TAAK_4_86_5-7,"[""signs_to_reflect_upon"",""creation_story"",""prophetic_scientific"",""Scientific Fact""]",يَخْرُجُ مِنۢ بَيْنِ ٱلصُّلْبِ وَٱلتَّرَآئِبِ
180,"By the sky with its recurring cycles,",86:11,86,11,"[""geological""]","[""hydrology_water_cycle"",""atmospheric_phenomena""]",,,"[""Atmospheric Return""]",,TAAK_4_86_11,"[""oath""]",وَٱلسَّمَآءِ ذَاتِ ٱلرَّجْعِ
181,and the earth with its sprouting plants!,86:12,86,12,"[""geological""]","[""landforms""]",,,"[""Fault Lines & Sprouting"",""Surface Change"",""Germination plant splitting soil""]",,TAAK_4_86_12,"[""phenomena"",""process"",""oath""]",وَٱلْأَرْضِ ذَاتِ ٱلصَّدْعِ
182,Do they not ever reflect on camels—how they were ˹masterfully˺ created;,88:17,88,17,"[""biological""]","[""animal_behavior_ecosystems"",""physiology""]",,,"[""Physiological Design of Camels"",""Adaptations of Camelids""]",,TAAK_4_88_17,"[""signs_to_reflect_upon"",""design""]",أَفَلَا يَنظُرُونَ إِلَى ٱلْإِبِلِ كَيْفَ خُلِقَتْ
183,"By the sun and its brightness,",91:1,91,1,"[""physical"",""cosmological""]","[""energy_radiation"",""astronomy_celestial""]",,,"[""Nuclear Fusion"",""Solar Physics""]",,TAAK_4_91_1,"[""phenomena"",""oath"",""scientific_fact""]",وَٱلشَّمْسِ وَضُحَىٰهَا
184,"and the moon as it follows it,",91:2,91,2,"[""cosmological""]","[""astronomy_celestial"",""celestial_bodies_movement""]",,,"[""Moon's Reflected light"",""Moon's Internal Structure""]",,TAAK_4_91_2,"[""phenomena"",""design""]",وَٱلْقَمَرِ إِذَا تَلَىٰهَا
185,"and the day as it unveils it,",91:3,91,3,"[""physical"",""cosmological""]","[""light_and_darkness"",""astronomy_celestial""]",,,"[""Atmosphere revealing the Sun"",""Light and Darkness""]",,TAAK_4_91_3,"[""phenomena"",""oath"",""scientific_fact""]",وَٱلنَّهَارِ إِذَا جَلَّىٰهَا
186,and the night as it conceals it!,91:4,91,4,"[""cosmological""]","[""day_night_cycles""]",,,"[""Benifits of night time"",""Night covering day""]",,TAAK_4_91_4,"[""environmental_balance"",""oath"",""scientific_fact""]",وَٱلَّيْلِ إِذَا يَغْشَىٰهَا
187,"And by heaven and ˹the One˺ Who built it,",91:5,91,5,"[""cosmological""]","[""astronomy_celestial"",""heavens_chracteristics""]",,,"[""Cohesion of Gas""]",,TAAK_4_91_5,"[""phenomena"",""design"",""oath""]",وَٱلسَّمَآءِ وَمَا بَنَىٰهَا
188,"By the fig and the olive ˹of Jerusalem˺,",95:1,95,1,"[""biological"",""geological""]","[""plant_life_agriculture"",""health"",""landforms""]","[""2"",""3""]",,"[""Olive tree"",""Figs Olives Sinai and Makkah""]",,TAAK_4_95_1-3,"[""biological_diversity"",""oath"",""scientific_fact""]",بِّسْمِ ٱللَّهِ ٱلرَّحْمَٰنِ ٱلرَّحِيمِ وَٱلتِّينِ وَٱلزَّيْتُونِ
189,"and Mount Sinai,",95:2,95,2,"[""biological"",""geological""]","[""plant_life_agriculture"",""health"",""landforms""]",,,"[""Olive tree"",""Figs Olives Sinai and Makkah""]",,TAAK_4_95_1-3,"[""biological_diversity"",""oath"",""scientific_fact""]",وَطُورِ سِينِينَ
190,and this secure city ˹of Mecca˺!,95:3,95,3,"[""biological"",""geological""]","[""plant_life_agriculture"",""health"",""landforms""]",,,"[""Olive tree"",""Figs Olives Sinai and Makkah""]",,TAAK_4_95_1-3,"[""biological_diversity"",""oath"",""scientific_fact""]",وَهَٰذَا ٱلْبَلَدِ ٱلْأَمِينِ
191,"Indeed, We created humans in the best form.",95:4,95,4,"[""biological""]","[""human_development"",""physiology""]",,,"[""Perfection in Human Creation""]",,TAAK_4_95_4,"[""creation_story"",""design"",""scientific_fact""]",لَقَدْ خَلَقْنَا ٱلْإِنسَٰنَ فِىٓ أَحْسَنِ تَقْوِيمٍۢ
192,"a lying, sinful forelock.",96:16,96,16,"[""biological""]","[""physiology""]",,,"[""Center of Decision Making"",""Neuroscience"",""Human forelock""]",,TAAK_4_96_16,"[""prophetic_scientific"",""scientific_fact""]",نَاصِيَةٍۢ كَٰذِبَةٍ خَاطِئَةٍۢ
193,"˹It is˺ the Day people will be like scattered moths,",101:4,101,4,"[""biological""]","[""animal_behavior_ecosystems"",""entomology""]",,,"[""Emergence from Cocoons"",""Emergence of Butterflies/Moths""]",,TAAK_4_101_4,"[""eschatology"",""Simile Usage""]",يَوْمَ يَكُونُ ٱلنَّاسُ كَٱلْفَرَاشِ ٱلْمَبْثُوثِ
194,"Then He turned towards the heaven when it was ˹still like˺ smoke, saying to it and to the earth, ‘Submit, willingly or unwillingly.’ They both responded, ‘We submit willingly.’",41:11,41,11,"[""cosmological""]","[""cosmology_universe"",""big_bang""]",,"[""BigBang_COSMOS_EXPANSION""]",[“State of heaven after bigbang”],["BigBang_CosmosExpansion_03"],TAAK_2_21_30,"[""creation_story""]",ثُمَّ ٱسْتَوَىٰٓ إِلَى ٱلسَّمَآءِ وَهِىَ دُخَانٌۭ فَقَالَ لَهَا وَلِلْأَرْضِ ٱئْتِيَا طَوْعًا أَوْ كَرْهًۭا قَالَتَآ أَتَيْنَا طَآئِعِينَ
